commit_id,time_stamp,ns,nd,nf,entropy,la,ld,is_fix,ndev,age,lt,nuc,exp,rexp,sexp,contains_bug,htmlcss,strict,bdom,so,tc
299e827c577c2f1461e17678282f4d19a753e6f2,1557949223,1,1,0,0,0,0,0,0,0,0,0,0,0,0,FALSE,0,0,0,0,0
fd0c959355e85afa76d1728b7c7bd93a05e004a4,1557948909,1,1,1,0,1,1,0,13,8.01,275,71,0,0,0,FALSE,0,0,0,1,0
92d231387fe2092f8736bc1746d4caa766b675f5,1557260236,1,1,0,0,0,0,0,0,0,0,0,0,0,0,FALSE,0,0,0,0,0
ddcc2e4bc0282499afc1370e3686bacaff1faee3,1557260174,1,1,0,0,0,0,1,0,0,0,0,0,0,0,FALSE,0,0,0,0,0
48c43d5240e1ac6e6c44495e7428262d32a438f9,1557259304,1,1,0,0,0,0,0,0,0,0,0,0,0,0,FALSE,0,0,0,0,0
b7a9744518f71edad2991b48035e8cade37955a6,1557257193,1,1,0,0,0,0,0,0,0,0,0,0,0,0,FALSE,0,0,0,0,0
0d4fca085b9b44e110f4c5a3dd7384c31abaf756,1557256834,1,1,1,0,1,0,1,12,253.16,274,70,0,0,0,FALSE,0,0,0,0,0
047501f7083665e0924f2680846fd8721e6de50d,1557256497,1,1,0,0,0,0,0,0,0,0,0,0,0,0,FALSE,0,0,0,0,0
283d7b306ce231f092d28e01713905e5c1600d14,1551726970,1,1,0,0,0,0,0,0,0,0,0,0,0,0,FALSE,0,0,0,0,0
a607f220215a829c8a92883fe7d70dad07ad34df,1549874918,0,0,0,0,0,0,0,0,0,0,0,2,0.97,0,FALSE,0,0,0,0,0
2eeb59af4de41e07c7dd1eec09af0230960c029c,1549686456,1,1,0,0,0,0,1,0,0,0,0,0,0,0,FALSE,0,0,0,0,0
cdbbcb02ce9199437e3529da46343c76de135d4d,1549313015,0,0,0,0,0,0,0,0,0,0,0,1,1,0,FALSE,0,0,0,0,0
e122c80c9ddb17e4dad2b6225da2ed9e95e986c7,1549258868,1,1,0,0,0,0,0,0,0,0,0,0,0,0,FALSE,0,0,0,0,0
71032ab5bd6ccadad04aeed286d2816ca2e84b43,1549253797,1,1,0,0,0,0,0,0,0,0,0,0,0,0,FALSE,0,0,0,0,0
da3a85526297b78a00b71c960b0607688b8447be,1549252489,1,1,0,0,0,0,0,0,0,0,0,0,0,0,FALSE,0,0,0,0,0
250b5f01d8e7ce0bc7b00b0fe632c4bc0f9b2c13,1547746445,1,1,0,0,0,0,0,0,0,0,0,0,0,0,FALSE,0,0,0,0,0
9f3aa942410b3a7ccd9c17d971b27a27df3c1a4e,1540279207,1,1,0,0,0,0,1,0,0,0,0,23,13.84,12,FALSE,0,0,0,0,0
926290879afdd505ba47ee2ea6215c250e83b47f,1539849900,1,1,0,0,0,0,0,0,0,0,0,2,1.99,1,FALSE,0,0,0,0,0
c37a71db06d0c2ded7b8d6f8db518e572fb52294,1539618464,1,1,0,0,0,0,1,0,0,0,0,1,1,0,FALSE,0,0,0,0,0
4835a2e987f1a89dc346da22e751ea264dc344d8,1539618246,2,2,2,0.47756,6,1,0,1,189.44,60,3,0,0,0,FALSE,0,0,0,0,0
75c8b3f146aaa8a71f7dca0263686fb1799f8f31,1537201507,1,1,0,0,0,0,0,0,0,0,0,0,0,0,FALSE,0,0,0,0,0
81f0d28eb5f8f3ec606fe0e282d4fbaea109c868,1537194286,1,1,1,0,1,1,1,1,925.34,148,5,0,0,0,FALSE,0,0,0,0,0
a74ab87df22a04932bcb1cc91d05dd0b2fa4ae9e,1537193974,1,1,0,0,0,0,0,0,0,0,0,0,0,0,FALSE,0,0,0,0,0
81eaa3db4cf51bd911f98de5aa1ad130b3c55c8e,1536047637,2,2,2,0.87387,11,0,1,1,567.25,67.5,9,0,0,0,FALSE,0,0,0,1,0
21ae22dbd3ae3d3a55d9efd4eead3dd7fb6d8e6e,1535383598,2,2,2,0.097504,27,1,0,13,19.9,449.5,40,9,8.25,4,FALSE,0,0,0,2,0
9005a54a8b42be41ca49a31dcfda915d1a91c388,1534997440,1,1,0,0,0,0,0,0,0,0,0,0,0,0,FALSE,0,0,0,0,0
7db0494579eef8698320dd8a54f1f983cde49897,1534861493,1,1,0,0,0,0,0,0,0,0,0,0,0,0,FALSE,0,0,0,0,0
b681e919c40fbf7abd109d0cb4f0caf2fd5553e5,1534755743,3,3,3,0.516079,6,1,0,3,174.95,29,2,0,0,0,FALSE,0,0,0,0,0
c0b40650d1c61d1e61c7853de806deeb3cb8ad12,1533926093,1,1,1,0,28,11,1,4,13.03,229,33,17,12.13,6,FALSE,0,0,0,0,0
527381198e8112dd298918b3d9d6c643763a59c3,1533839957,2,2,2,0.00617982,606,549,0,5,157.09,806,33,16,11.16,3,FALSE,0,60,41,107,103
56ac637d7d2f2f08e7b80e892d68cee7ae7ae830,1533839734,1,1,0,0,0,0,0,0,0,0,0,15,10.16,4,FALSE,0,0,0,0,0
4f98acc57860721c639f94f5772138b2af273301,1533664350,2,2,1,0,6,0,0,3,136.94,80,13,1,0.92,0.5,FALSE,0,0,0,0,0
38de25257cb41557cc308b42259ee460140a1c37,1533664324,3,3,2,0.695831,115,10,0,12,32.98,397,39.5,0,0,0,FALSE,0,0,0,5,0
b9f68bdf001c9179934d00f56984d83bd065b788,1533620481,1,1,0,0,0,0,0,0,0,0,0,0,0,0,FALSE,0,0,0,0,0
6b44e80adebf66984b7ad41fd71fcaac28f3fed8,1533620035,2,2,2,0.78257,31,0,0,2,460.4,18,2.5,0,0,0,FALSE,0,0,0,0,0
b4c5d35d2875191dfa8c3919d4227dce8e2ad23f,1533619523,1,1,1,0,1,0,1,5,117.58,97,29,0,0,0,FALSE,0,0,0,0,0
90add808a49528a953e16d58fcb9241cf0026352,1533619141,1,1,0,0,0,0,0,0,0,0,0,0,0,0,FALSE,0,0,0,0,0
6a414cb9a3d39bd0d8338b9625cd40c039b7c5fb,1533619096,1,1,0,0,0,0,0,0,0,0,0,0,0,0,FALSE,0,0,0,0,0
0b4e70d2ba9ee8bd951adf9fe26593025e299298,1533542820,1,1,0,0,0,0,0,0,0,0,0,2,1.34,2,FALSE,0,0,0,0,0
503418718f669fcc674719fd862b355605d7b41f,1532801357,1,1,1,0,1,2,0,2,475.93,26,5,8,7.92,3,FALSE,0,0,0,0,0
33747ee8fb349a59368f62c9415664d53c84baf4,1532801063,1,2,2,0.925787,0,38,0,3,400.37,223,20,7,6.92,3,FALSE,0,0,0,7,7
7b6f541e9dd03ec8554b9f0c0739f4966c4a7e68,1532800597,1,1,1,0,0,1,0,4,7.02,230,32,6,5.92,1,FALSE,0,0,0,0,0
962c38b2a6780fb89dc66d3f2d5ed341d19a22b2,1532800491,1,1,1,0,0,3,0,2,636.54,95,4,5,4.92,2,FALSE,0,0,1,0,0
a9831131c307a050a27d29d75925d7d4ad162da5,1532796393,2,2,2,0.284135,2,25,1,4,76,278.5,52,4,3.93,1.5,FALSE,0,0,0,2,0
1c2881cbe6b1b57e48ae2e9b3c5dcb9bae81220e,1532194151,1,2,3,0.260945,1,47,0,2,865.88,16.33,1.67,3,3,0,FALSE,0,0,7,1,1
e9c481fa5e49f823d35167c263465aa09feff2ca,1532194078,1,1,1,0,0,36,0,2,869.49,36,4,2,2,1,FALSE,0,1,0,0,0
5c754e6e07b536826d0a3b4e010d839482f3dd2c,1532194059,1,1,1,0,2,19,0,3,105.53,192,80,1,1,0,FALSE,0,0,4,5,2
0bb9aaf72643de7b44a25780ca723007f6251d32,1532194032,1,1,1,0,0,2,0,3,274.12,232,31,0,0,0,FALSE,0,0,0,0,0
98080381fa78dcffa91a15e6d25617583d13e533,1530855673,2,2,2,0.0376284,191,183,0,9,239.55,323.5,23.5,6,4.78,2,FALSE,0,0,0,0,2
228a6e2d8134d8f585bbb439a2bce29098d5780d,1530855340,2,2,2,0.0376284,191,183,0,9,239.54,161,23.5,9,7.22,4.5,FALSE,0,0,0,0,0
0c4bf3cdbd937984505403d7ec15b1cbb8cedb05,1530814121,1,1,0,0,0,0,0,0,0,0,0,0,0,0,FALSE,0,0,0,0,0
ef2240a6660eaadb20f058c4a933cb7a60517a96,1530802961,1,1,0,0,0,0,0,0,0,0,0,0,0,0,FALSE,0,0,0,0,0
7d9a29ee4c597adacd8dcec6a6e3bdfe4983ab09,1530773471,2,2,1,0,7,4,1,9,0,243,67,1,0.45,0.5,FALSE,0,0,0,1,0
84388b038954d584d6738b169e7b6928ffc9b6fa,1530773287,1,1,0,0,0,0,0,0,0,0,0,0,0,0,FALSE,0,0,0,0,0
787c808c0401b766d2769097cef864dd1cfb536b,1530773237,2,2,2,0.57938,9,9,1,9,97.85,394,38,0,0,0,FALSE,0,0,0,0,0
d74238e1513a57ce3bd2b3683f0e595ac00fa8d7,1530501004,1,1,0,0,0,0,0,0,0,0,0,0,0,0,FALSE,0,0,0,0,0
405fe690f93264d591b7a64d006314e2222c8727,1529248291,1,1,1,0,2,2,1,5,0.01,334,30,1,1,1,FALSE,0,0,4,4,0
8cb7d667fb73c85792d178ffae64e09dee2a3edb,1529247786,1,1,1,0,5,1,0,4,74.8,330,29,0,0,0,TRUE,0,0,5,6,2
73cab975f04be433bcafe7b60cb5aecf22c13fb1,1528970180,2,2,0,0,0,0,0,0,0,0,0,22,16.69,11.5,FALSE,0,0,0,0,0
427fabf5427e45148425817d827ef9cbe8cd0cb6,1526049533,1,1,0,0,0,0,0,0,0,0,0,21,16.96,10,FALSE,0,0,0,0,0
4e3a83d61325b7ad99a1986dae7d3a10cbc8c2f3,1526044051,3,7,15,0.441282,49,58,0,15,87.29,129,12.33,20,15.96,9,FALSE,0,0,0,0,0
93deda43af1bdb7343960d9de0bc06705b4ca62e,1524651669,2,3,2,0.57938,3,3,1,12,62.95,73,38,19,15.54,7,FALSE,0,0,0,0,0
0b3db5d87a60a1ad8b0dce9669dbc10483ec33da,1523460218,1,1,1,0,5,4,1,4,4.06,96,28,3,2.41,3,TRUE,0,0,0,5,4
961ecd129cf755a989727c09ebf0d95f99052f52,1523460181,1,1,1,0,4,0,0,6,26.42,541,24,12,11.48,3,TRUE,0,0,0,0,0
ec97c686efcc4a8968d632dab018e77215c5fe6d,1523399292,0,0,0,0,0,0,0,0,0,0,0,176,84.1,0,FALSE,0,0,0,0,0
4e8039ef65d3daa35b1c5a1cd13beaf4c283249a,1523392142,1,1,1,0,2,1,0,1,3.27,50,5,11,10.5,8,FALSE,0,0,0,0,0
dd16944ecf70d8939ce77d79b57463e193d023a6,1523171986,1,1,0,0,0,0,0,0,0,0,0,0,0,0,FALSE,0,0,0,0,0
8e3b50c56418b9070e22bc59fc9346ae4a7726c9,1523171936,1,1,0,0,0,0,0,0,0,0,0,5,4.93,2,FALSE,0,0,0,0,0
7b11cc7181b4536233299efe98c6e7779d13e95e,1523171910,1,1,0,0,0,0,0,0,0,0,0,4,3.93,1,FALSE,0,0,0,0,0
ae1c2c30061f6c8d90c43cee3ea906f3151d0de8,1523138663,1,1,0,0,0,0,0,0,0,0,0,8,7.99,8,FALSE,0,0,0,0,0
4d90e231f060c7f298903a852b95340129253d27,1523138439,1,1,0,0,0,0,0,0,0,0,0,7,6.99,7,FALSE,0,0,0,0,0
f620a0d4af59796404b40c48cfbbd41cbac143de,1523138307,1,1,0,0,0,0,0,0,0,0,0,6,5.99,6,FALSE,0,0,0,0,0
aa61bc85eba22fd0aa1db150dfcaf2dbc57c0d46,1523138180,1,1,0,0,0,0,0,0,0,0,0,5,4.99,5,FALSE,0,0,0,0,0
78926c308e17e22c216017e59c296aaf77d92f29,1523137559,1,1,0,0,0,0,0,0,0,0,0,4,3.99,4,FALSE,0,0,0,0,0
aaed16ca3c4f789b8755eb33edf6a2ffa07ec255,1523136555,1,1,0,0,0,0,1,0,0,0,0,3,2.94,0,FALSE,0,0,0,0,0
143bbbe1b96f7819d6df5f1c249ba0964cf84819,1523109296,2,3,3,0.139929,85,11,0,5,17.2,47,10.33,10,9.59,4.5,TRUE,0,0,0,9,9
ff61caacb78da139b3a1b199df2c4b40cd55a3cc,1523101221,1,1,1,0,5,7,0,1,3.63,46,3,9,8.59,6,TRUE,0,0,0,1,1
8c178233e18033dc7d8f3285530e9e33d009227b,1523078033,0,0,0,0,0,0,0,0,0,0,0,175,83.56,0,FALSE,0,0,0,0,0
22c2baf20563c767945e28ab3c54d51a6a1887c5,1523076620,2,3,3,0.213736,81,81,1,4,573.56,104.33,26.67,3,3,1.5,TRUE,0,0,12,6,0
0d110da98caa9a3e1823a9dae0d5f4df09bc01ec,1523076350,0,0,0,0,0,0,0,0,0,0,0,174,82.56,0,FALSE,0,0,0,0,0
b2ce0de29ef0eaa91195576363edea6ca0481881,1523076243,0,0,0,0,0,0,0,0,0,0,0,173,81.56,0,FALSE,0,0,0,0,0
ecded5e58f1015f0f69b4aae76efc310f51ca496,1523074905,1,1,0,0,0,0,0,0,0,0,0,2,2,2,FALSE,0,0,0,0,0
152b0635136801f1fdc0864d7b8dba3c12d86cb2,1523074789,1,1,0,0,0,0,1,0,0,0,0,1,1,1,FALSE,0,0,0,0,0
cb89fae28f2372955ffdbb153034f612efc31b6c,1523073126,1,1,0,0,0,0,0,0,0,0,0,0,0,0,FALSE,0,0,0,0,0
524f5bf10a29d5ebd702e0867ccd63809bfd6c74,1523072660,1,1,0,0,0,0,1,0,0,0,0,0,0,0,FALSE,0,0,0,0,0
cb630218303095c0075182b542ccb2f72d20dd9d,1523043484,0,0,0,0,0,0,0,0,0,0,0,2,1.94,0,FALSE,0,0,0,0,0
e990a91c34bd81a5cb9261c7a0284dfd8169c0ae,1523043458,0,0,0,0,0,0,0,0,0,0,0,1,0.94,0,FALSE,0,0,0,0,0
88c24d85ee0d18a9d0c09ef229a76c4a796ccf89,1523039938,1,1,0,0,0,0,0,0,0,0,0,0,0,0,FALSE,0,0,0,0,0
b1c378606f09a38d7e6713595add07676882b8f2,1522787355,1,1,1,0,3,1,0,1,0.02,44,2,8,7.68,5,FALSE,0,0,0,1,1
506d4e894157cd5b94432c4d7904d832cf0b951f,1522786778,1,1,1,0,66,0,0,0,0,0,0,7,6.68,1,TRUE,0,0,0,0,4
6083d639c54cb093862bfee3f55d45e6456aa217,1522785225,1,1,1,0,13,13,0,1,11.02,44,1,6,5.68,4,TRUE,0,0,0,8,8
82030ae054ba10bbd25ef00b304990632780f11d,1522785197,1,1,1,0,2,2,0,5,11.02,330,28,5,4.68,3,TRUE,0,0,0,0,0
72c66dfdecbcc165c52fcd19d1f8444ad8c011c6,1521832862,1,2,4,0.238813,76,41,0,6,10.73,118,19.25,4,3.81,2,TRUE,0,1,0,7,7
c65065ac0f3f1af3986e881bc197362621fd550c,1521177162,2,2,2,0.330299,18,1,0,8,45.34,383.5,37,0,0,0,TRUE,0,0,0,0,0
b4dba31d9ae98de278185642c7c130b971181a7c,1520752544,3,8,12,0.588148,32,35,1,15,23.7,100,12.58,2,2,2,FALSE,0,0,0,0,0
b494573dc6953659686a275ffdfb644cde57e7e6,1520750296,3,6,6,0.607882,21,8,1,7,35.49,87,10.67,1,1,1,FALSE,0,0,0,0,0
7899fbb13f69503e09f2e509fb8a6507912865d3,1520739884,3,3,2,0.210758,4,3,1,11,32.59,254,39.5,0,0,0,FALSE,0,0,0,0,0
9a6abd789f91a87d701116c0d86f1cfbc3295d66,1520701984,0,0,0,0,0,0,0,0,0,0,0,172,83.92,0,FALSE,0,0,0,0,0
d1154eae3fe10c48809099aa5ec07c3c5d124e1d,1520596715,0,0,0,0,0,0,0,0,0,0,0,3,2.96,0,FALSE,0,0,0,0,0
d78204712a88f9e7c8ebad728143dee56ca995f3,1520596688,1,2,3,0.163618,26,38,0,6,7.59,161.33,24.67,2,1.96,1,TRUE,0,0,0,0,0
4fbf08467459845b0551dd60e3fd2086b1d19c4a,1520530558,0,0,0,0,0,0,0,0,0,0,0,171,83.17,0,FALSE,0,0,0,0,0
b14cdd842561b583b30b5bca5c209536c5cb8028,1520524613,0,0,0,0,0,0,0,0,0,0,0,170,82.18,0,FALSE,0,0,0,0,0
f9373e96f29baebd90dd89aa3a0cd35fc918f27b,1520489864,1,1,0,0,0,0,0,0,0,0,0,1,1,0,FALSE,0,0,0,0,0
fbb29e07cc22dfe45919d9499c0ea43326a35579,1520489582,1,1,0,0,0,0,1,0,0,0,0,0,0,0,FALSE,0,0,0,0,0
0499a970d7064d15c9361430b40729d9b8e6f6bb,1520452216,0,0,0,0,0,0,0,0,0,0,0,169,81.28,0,FALSE,0,0,0,0,0
980065dd28cb167747fb3254d407b8d941e25d98,1520267204,1,1,2,0.805983,4,3,0,6,0.01,805.5,32.5,1,1,1,FALSE,0,42,20,38,22
762044e4539947bdaaf4e8731d39c669c6ef6d82,1520266315,3,3,4,0.4009,40,4,1,6,74.65,537.25,40,0,0,0,TRUE,0,42,20,38,23
0445d6c39ead139a9e7fb8ef0bca43bda3bc0724,1519986767,0,0,0,0,0,0,0,0,0,0,0,1,1,0,FALSE,0,0,0,0,0
5bfd2ea9f63e59efaef3f1a659b55bbb9778fce2,1519941218,2,3,5,0.309927,87,9,1,5,393.14,136,16.4,0,0,0,TRUE,0,0,0,0,0
d4dc124f15c8dc69861b9cf92c059dbda46ae565,1519355026,0,0,0,0,0,0,0,0,0,0,0,14,13.74,0,FALSE,0,0,0,0,0
3ca049924eb492a74c7d2665ebb791ac4c623e44,1519224408,1,1,0,0,0,0,0,0,0,0,0,1,0.89,1,FALSE,0,0,0,0,0
a105872c1ee2ce3f71ff84a07d9fc27e161a37b0,1519108746,0,0,0,0,0,0,0,0,0,0,0,13,12.85,0,FALSE,0,0,0,0,0
b6920570c517013ec62ea502edd6f78fbe8332a8,1519108424,0,0,0,0,0,0,0,0,0,0,0,12,11.85,0,FALSE,0,0,0,0,0
d59c70fdfd35106130e9f783d0dbdcddd145b58f,1519082638,2,2,2,0.507374,11,9,0,4,100,805,31.5,11,10.86,1.5,TRUE,0,42,20,38,22
48a790222c3b6a640bf3f280162c1ccf73108b58,1519081150,1,1,0,0,0,0,0,0,0,0,0,10,9.86,2,FALSE,0,0,0,0,0
5b2ea2e54c08862314477bd3ac860c1819d25abb,1518884927,0,0,0,0,0,0,0,0,0,0,0,9,8.92,0,FALSE,0,0,0,0,0
23ba29602cf941d943772cbccee1fd260f5e0d02,1518836328,0,0,0,0,0,0,0,0,0,0,0,8,7.93,0,FALSE,0,0,0,0,0
b6b0865352743c4c61d7e80d9708f98fa876a253,1518831753,0,0,0,0,0,0,0,0,0,0,0,7,6.93,0,FALSE,0,0,0,0,0
821d5e245ad4bf9536142121ac6cd86259019196,1518831348,0,0,0,0,0,0,0,0,0,0,0,6,5.93,0,FALSE,0,0,0,0,0
4ea77b70b70501c0a701db837e77024de1e2fcf4,1518826738,2,2,1,0,19,0,0,6,186.53,507,22,5,4.93,0.5,TRUE,0,0,0,0,0
ccc78899bb6f595e3c44ec7ad6af610455859d78,1518825948,0,0,0,0,0,0,0,0,0,0,0,4,3.93,0,FALSE,0,0,0,0,0
f7310ca083afe7270d6fbf16ec33fc977573a684,1518659379,2,2,1,0,4,0,0,4,312.58,92,25,0,0,0,FALSE,0,0,0,0,0
f1a0feb2cd9b97f00fcea3a48c461c63a0a43ff6,1518627817,1,1,0,0,0,0,0,0,0,0,0,0,0,0,FALSE,0,0,0,0,0
40b829994c2e407109a38a4cf82703261aa3c22c,1518377428,0,0,0,0,0,0,0,0,0,0,0,3,2.99,0,FALSE,0,0,0,0,0
f26e0c0e7afd7b6b675744c75f613e60215d829f,1518377155,0,0,0,0,0,0,0,0,0,0,0,2,1.99,0,FALSE,0,0,0,0,0
839b9ab3e7eddb0941029b176825e1e1e89eec57,1518377090,1,1,0,0,0,0,1,0,0,0,0,1,0.99,0,FALSE,0,0,0,0,0
70add446d0ba9d0c95493d94fdce413bd3e4157f,1518180652,1,1,1,0,5,2,0,3,5.68,46,6,18,17.68,10,FALSE,0,0,0,0,0
e4c20ed31a11a87cd40c2e8043b8bc272b06c7a4,1518173761,2,2,2,0.00879957,399,421,0,9,168.57,213,23.5,1,0.99,0.5,FALSE,0,0,0,0,0
98e87085b2cc42811b86296e89b0c443bc1a2c25,1518173081,2,2,1,0,0,8,0,4,-0.01,14,22,17,16.68,3.5,FALSE,0,0,0,0,0
14057dc0bd9811a9fda773588f66de9f4aa0f617,1518060208,0,0,0,0,0,0,0,0,0,0,0,0,0,0,FALSE,0,0,0,0,0
7a355ff4327038bbac1c194b30b999fe66e009d9,1517982444,1,1,1,0,1,1,1,3,178.73,79,8,0,0,0,FALSE,0,0,0,0,0
471f1fea5b463169a81232e1e6dd6d3db8ad2ed9,1517835411,2,2,1,0,2,2,1,8,-38.68,121,66,0,0,0,TRUE,0,0,0,0,0
1131add0914f76d5c0f04b3f0a0784a167bc8771,1517706491,2,4,8,0.422191,20,85,1,5,0.24,131,9.12,16,15.93,7.5,FALSE,0,0,0,0,0
63cd83855b83225a4f24bd582855a91255875c43,1517690190,1,1,3,0.588572,44,66,0,4,0.19,39,2.67,15,14.94,8,FALSE,0,0,0,0,0
16f28760e97f75eb08b3fb3ed5db35bae8eb0a5d,1517689864,1,1,3,0.655459,5,5,0,2,0.19,38,1,14,13.94,7,FALSE,0,0,0,0,0
3489e0807c1edfc4ff1259e67bb784a614289171,1517689338,1,1,5,0.504965,10,199,0,4,0.18,46,3,13,12.94,6,TRUE,0,0,0,0,0
5b1a3009154c1ddc3a13e8d13cfe52d37e9ed2c9,1517689155,1,1,10,0.807369,14,13,0,6,0.18,28,2.1,12,11.94,5,FALSE,0,0,0,0,0
12217463c78cc755ac394b4aeb0d60c272e864bd,1517688655,1,1,4,1,4,4,0,4,0.17,37,2,11,10.94,4,FALSE,0,0,0,0,0
a1e4ab965bf82797b57bb0dc01511d678f7fcd28,1517684292,1,1,13,0.771443,65,28,0,6,0.12,126,5.92,10,9.94,3,FALSE,0,0,0,0,0
f0cb66bfdddd3247fdeee832d3f52e0807aa2a9f,1517684255,1,1,2,1,2,2,0,4,11.22,63,17,9,8.94,5,FALSE,0,0,0,0,0
6ddbe9e592e0dab407a9a89ff7c55d5b3a8bf674,1517677901,2,4,5,0.836481,38,116,0,15,-30.37,122,31.4,8,7.94,3.5,FALSE,0,0,0,0,0
b5c4a0d4ec946a7dbb21745777a1f342586c1660,1517677090,1,1,1,0,32,15,0,6,0.04,97,30,7,6.94,4,FALSE,0,0,0,0,0
80c2ed49f7e77c200f1ed241ab0a4c11941455e2,1517676977,2,3,10,0.377953,98,105,0,8,-15.17,44,6.1,6,5.94,3.5,FALSE,0,0,0,0,0
c39b3c72fedcc332185731beb8646f83900e0f0b,1517676452,1,1,1,0,75,56,0,4,0.03,80,14,5,4.94,2,FALSE,0,0,0,0,0
e7a58d61a576fe285daa172044039ae367ee32a2,1517675346,3,5,6,0.166632,46,323,0,6,-0.01,75,14.17,4,3.94,1.66667,TRUE,0,0,0,0,0
67861388a36b2b94158dafc3b9a233fcfad29a5c,1517674761,1,1,2,0.038023,31,70,0,4,64.15,96,19,3,2.94,2,FALSE,0,0,0,0,0
ee6f0b5ecdea8c31abd01d064ae0ad4d47391627,1517673874,2,12,69,0.471941,2484,2500,1,21,406.32,72,4.06,2,1.94,0,TRUE,0,0,0,0,0
78f924f93d2f265e7aafee0ad4d280ed4cbdd025,1517673856,1,1,0,0,0,0,0,0,0,0,0,1,0.94,1,FALSE,0,0,0,0,0
604e8dd86012392d8f588a3a8526a0d8a1ddb95f,1516639269,0,0,0,0,0,0,0,0,0,0,0,168,85.88,0,FALSE,0,0,0,0,0
a8de2cf485cef106427bd7705ea30ddcd5e6f6ac,1516639005,1,1,0,0,0,0,0,0,0,0,0,1,1,1,FALSE,0,0,0,0,0
b004db40d42267666ba39804d84f440e5feb9dff,1516637688,0,0,0,0,0,0,0,0,0,0,0,167,84.88,0,FALSE,0,0,0,0,0
c51054f24d49ecf76c6249c9e7a2d37a7d01376a,1516626021,1,1,0,0,0,0,0,0,0,0,0,0,0,0,FALSE,0,0,0,0,0
12eefa5665afda064eea5c8365d2d1d1fdd5210b,1515754568,1,1,2,0.0261585,54,12,0,3,848.33,7,4,0,0,0,FALSE,0,0,0,0,0
89bf42b946a6bf5344801cf72a60b0a15cab49e1,1515693269,1,1,1,0,1,1,1,9,0.09,232,61,2,2,2,FALSE,0,0,0,0,0
e452f761f7c9edbd9e4e73493373f427b0fb5141,1515685480,1,1,1,0,1,1,0,9,0.65,232,60,1,1,1,TRUE,0,0,0,0,0
138108ee56bd689305ae505a66b48d5e9c8aa494,1515647356,0,0,0,0,0,0,0,0,0,0,0,166,85.42,0,FALSE,0,0,0,0,0
bbfa7bfaccff368dd3666f32fb47773f863ec242,1515628916,1,1,1,0,4,0,1,8,103.83,228,59,0,0,0,TRUE,0,0,0,0,0
66280b037e50d1b5943e8e5c9c7626cdeca3dc61,1515526783,1,1,0,0,0,0,0,0,0,0,0,0,0,0,FALSE,0,0,0,0,0
6e605016f03c59b5e0c9d2855deb3c5e6ec5bbfc,1515428993,0,0,0,0,0,0,0,0,0,0,0,165,84.76,0,FALSE,0,0,0,0,0
d8cce2017d41d6fcdb83ff06d2b7f6d0bb370b20,1515413716,1,1,0,0,0,0,0,0,0,0,0,0,0,0,FALSE,0,0,0,0,0
547f3f31fa289ab0c6e840340f0501954d8a76f1,1515308633,1,1,0,0,0,0,0,0,0,0,0,0,0,0,FALSE,0,0,0,0,0
7ee6ec5a84162e8dbc97a613829534a09cea7c94,1515306643,1,1,0,0,0,0,1,0,0,0,0,0,0,0,FALSE,0,0,0,0,0
db44a8f316da7e1f058eaed3556e9a391a2ffd3e,1515280548,0,0,0,0,0,0,0,0,0,0,0,164,83.99,0,FALSE,0,0,0,0,0
84a00b2227cbda8175afb9dbc5dac7eab47f691e,1515280437,0,0,0,0,0,0,0,0,0,0,0,163,82.99,0,FALSE,0,0,0,0,0
ae218d0131ecbd683310272c10b0273fd1d97de4,1515170037,0,0,0,0,0,0,0,0,0,0,0,162,82.15,0,FALSE,0,0,0,0,0
8be4d65cdd22d7ce4f7d069f790463a20290858a,1515169815,0,0,0,0,0,0,0,0,0,0,0,161,81.15,0,FALSE,0,0,0,0,0
145b63e8e694bd2fc81db62c6e8f680d41d25615,1514764654,1,1,0,0,0,0,0,0,0,0,0,0,0,0,FALSE,0,0,0,0,0
521a429f2d9a801dd10520af37c765bb0fde20e0,1513850074,1,1,0,0,0,0,1,0,0,0,0,1,0.92,1,FALSE,0,0,0,0,0
d07e648c3059dd5eae5f8efb135bbf40bc585e8e,1513835148,2,2,0,0,0,0,1,0,0,0,0,0,0,0,FALSE,0,0,0,0,0
a1e895d6709bda84a203010e4dfe2a331bafbb4f,1511425375,1,1,1,0,1,3,0,1,564.54,68,14,0,0,0,FALSE,0,0,0,0,0
423923217ef0d78747ef90c49abbcd7c2eae3854,1511195027,1,1,0,0,0,0,1,0,0,0,0,0,0,0,FALSE,0,0,0,0,0
ade3c705d4f81da1cd1a1b16a0914900c7c364ce,1510933363,1,1,0,0,0,0,0,0,0,0,0,0,0,0,FALSE,0,0,0,0,0
d7f021b8d4cc50bfa0653011bc02452d234d1255,1510464503,0,0,0,0,0,0,0,0,0,0,0,160,87.52,0,FALSE,0,0,0,0,0
f0293696e72f3169b22258e0eb8b9985ac0cdd29,1510461002,1,1,0,0,0,0,1,0,0,0,0,0,0,0,FALSE,0,0,0,0,0
ad1195f0702381a77b4f2863aad6ddb1002ffd51,1510442656,2,2,2,0.892647,6,7,0,4,21.22,805.5,31,159,86.56,44,FALSE,0,48,24,60,74
599eb9890c6ef8c50f4f3d2a15575fa0648c6935,1510442567,1,1,0,0,0,0,0,0,0,0,0,158,85.56,76,FALSE,0,0,0,0,0
587f0210ce257d3f737f180fa1272e9eb266a287,1510442506,1,1,0,0,0,0,0,0,0,0,0,157,84.56,75,FALSE,0,0,0,0,0
b7d8d126dad7341addcd7b063f7b261955ec9152,1510441742,1,1,1,0,0,1,0,3,9.02,181,77,156,83.56,28,FALSE,0,0,1,0,0
1fa01fd674154038152b1f3ecd448ad7d4e03031,1510438460,0,0,0,0,0,0,0,0,0,0,0,155,82.56,0,FALSE,0,0,0,0,0
026db2140d53c6aed43495207f1897ac7c88fd6d,1510431654,0,0,0,0,0,0,0,0,0,0,0,154,81.57,0,FALSE,0,0,0,0,0
7ea8f3d9f71ab150ab62f1531eb95dbcb8308753,1510430980,0,0,0,0,0,0,0,0,0,0,0,153,80.57,0,FALSE,0,0,0,0,0
1e58b69df16180fb702a051519fbf24bc83b6102,1510074042,1,1,0,0,0,0,1,0,0,0,0,0,0,0,FALSE,0,0,0,0,0
1005e3bf14fac3c08f6d9cb1420c935a24758cee,1509724632,1,1,0,0,0,0,0,0,0,0,0,0,0,0,FALSE,0,0,0,0,0
468e90993d4ee556a4cf414fb1d6b6f7b99ed98a,1509662844,1,1,1,0,2,2,0,3,34.78,181,76,0,0,0,FALSE,0,0,2,2,0
1ee5494038f74198f70e53835960948f9654ed0f,1509554319,0,0,0,0,0,0,0,0,0,0,0,152,80.89,0,FALSE,0,0,0,0,0
63548c00c0314a835402bf1f30883d33e7b19dc1,1509522478,1,1,1,0,1,1,0,4,180.42,303,24,0,0,0,FALSE,0,0,0,2,2
fbb5d4d0d1d4dd1cdbb02f30d05738e0b8e5316b,1508857093,0,0,0,0,0,0,0,0,0,0,0,151,80.95,0,FALSE,0,0,0,0,0
8bea343f3d2c01a20430e649a0b1371473d382ba,1508856668,0,0,0,0,0,0,0,0,0,0,0,150,79.95,0,FALSE,0,0,0,0,0
3f90738f48d124ceae57f0c8207fc3b78ad289fb,1508856436,0,0,0,0,0,0,0,0,0,0,0,149,78.95,0,FALSE,0,0,0,0,0
2c0e3183215d9a5fbc2ee8f35f459ac0e4d9f99c,1508608845,2,2,2,0.0525487,83,66,0,4,139.94,797,30.5,148,78.31,42,FALSE,0,48,24,58,72
c24b1cc5de354cb0d123e8ef05e4d24153762729,1508608673,1,1,0,0,0,0,0,0,0,0,0,147,77.31,73,FALSE,0,0,0,0,0
add023c25c2bd0103495b86fe5cf2dbacfadd75f,1508511721,1,1,0,0,0,0,0,0,0,0,0,146,76.44,72,FALSE,0,0,0,0,0
ada06d1522d3270043bae732174fbaa4061bc99e,1508509886,0,0,0,0,0,0,0,0,0,0,0,145,75.45,0,FALSE,0,0,0,0,0
94f1e21ba398a3d379aedfdb65b49e48e27e210f,1508509875,1,1,1,0,1,1,1,3,360.41,232,30,144,74.45,71,FALSE,0,0,0,0,0
7133141cb9472f88220bdaf6e6ccef898786298d,1508508983,0,0,0,0,0,0,0,0,0,0,0,143,73.45,0,FALSE,0,0,0,0,0
638804aa2c16e1dfaa5e96e68368c0981048c4c4,1508300562,0,0,0,0,0,0,0,0,0,0,0,142,72.71,0,FALSE,0,0,0,0,0
f06ee7390f30abadb26826e371f40e3f960a3fba,1508297209,1,1,0,0,0,0,0,0,0,0,0,0,0,0,FALSE,0,0,0,0,0
48ece5adbd45ea693a1c496fac7a9349b3e951e0,1508037918,1,1,0,0,0,0,0,0,0,0,0,0,0,0,FALSE,0,0,0,0,0
1f333ca645a49273bdae6c7f264727b04df95395,1507756371,1,1,0,0,0,0,0,0,0,0,0,0,0,0,FALSE,0,0,0,0,0
6566598603953b159ec23227e100c7013c39efea,1507663057,1,2,2,0.57938,2,1,0,5,122.3,85.5,16.5,0,0,0,FALSE,0,0,0,0,0
26b06391f831ef98606ec0ed406d2be1742e9850,1506658187,5,6,5,0.871049,6,6,0,9,256.99,172.8,27,141,73.84,26.4,TRUE,0,0,0,0,0
17e44c8ec9692516ef3d8794b1b42e0ae7543ed1,1506572529,0,0,0,0,0,0,0,0,0,0,0,140,72.95,0,FALSE,0,0,0,0,0
51b3ad65269ee83e2c8b4409414ce4d02f9f86de,1506570820,0,0,0,0,0,0,0,0,0,0,0,139,71.95,0,FALSE,0,0,0,0,0
ab974a708d7dbaab49f4319f5aa9eef28d16a384,1506570711,0,0,0,0,0,0,0,0,0,0,0,138,70.95,0,FALSE,0,0,0,0,0
7f60dd8441ba9a202c3151445a2431ea8dce6e0d,1506570653,0,0,0,0,0,0,0,0,0,0,0,137,69.95,0,FALSE,0,0,0,0,0
b01ce193a567dcf3a7c2c62cff5d582f264daae2,1504973040,1,1,1,0,3,1,0,8,26.18,226,57,0,0,0,TRUE,0,0,0,2,0
85a48b2eaaae185f98dec8ef83d14db5332d11e1,1504537579,2,2,1,0,7,2,0,8,21.14,226,57,0,0,0,TRUE,0,0,0,0,0
b0dccc6f1696446c79af54b306151c384afc5d51,1504032829,2,2,0,0,0,0,0,0,0,0,0,0,0,0,FALSE,0,0,0,0,0
b26f351b6d15475a18312e7b6915a38814cbc224,1503370105,1,1,0,0,0,0,0,0,0,0,0,0,0,0,FALSE,0,0,0,0,0
69d5a4c2c068cdc8cfab47594387434e0c292b74,1503320187,1,1,0,0,0,0,1,0,0,0,0,0,0,0,FALSE,0,0,0,0,0
07a7b7c84c3ea82ea3f624330be9e0d3f738ac70,1502710724,3,3,2,0.149468,18,1,1,7,81.57,358,32,0,0,0,TRUE,0,0,0,1,0
62db26b58854f53beed0d9513b5cf18615c64a2d,1502638227,1,1,0,0,0,0,0,0,0,0,0,1,0.65,1,FALSE,0,0,0,0,0
fa3c6d22f7a5e0a963119109fccb8d86ad981c03,1502545821,1,1,1,0,11,7,0,7,33.25,226,56,0,0,0,TRUE,0,0,0,0,0
db4acb2ec99509942b2664eb0fae3e309ffcfc54,1502542963,1,1,0,0,0,0,0,0,0,0,0,0,0,0,FALSE,0,0,0,0,0
a7c97429423a55f14cc5116963f6cdba4e0e5e81,1502542942,1,1,0,0,0,0,0,0,0,0,0,0,0,0,FALSE,0,0,0,0,0
b9ad308879ca5cef46eae9fe213ef593fe86e093,1502542865,1,1,0,0,0,0,0,0,0,0,0,0,0,0,FALSE,0,0,0,0,0
fb08e956035773712056781cadc47c0c9b6d3c09,1502542690,2,2,2,0.713364,44,2,0,2,741.99,28,3.5,0,0,0,TRUE,0,0,0,1,0
2b8562694ec4322392cb0cf0d27fe69bd290fcb2,1502540127,2,2,3,0.650447,25,7,1,3,227.25,140,11.67,0,0,0,TRUE,0,0,0,0,0
6508280bbfa83a731a33aa99394f7f6cdeb0ea0b,1502536340,1,1,0,0,0,0,0,0,0,0,0,0,0,0,FALSE,0,0,0,0,0
f1fb3de38fc96287763aeb7c5fee23858c851955,1499673043,1,1,1,0,4,9,0,6,66.42,231,55,0,0,0,TRUE,0,0,0,0,0
4c54a9265a92785825db976431a1e25599204029,1498915997,1,1,0,0,0,0,0,0,0,0,0,0,0,0,FALSE,0,0,0,0,0
e8edb1e29aaea23c06333efae998b59d9dc4b9cf,1498594845,1,1,1,0,2,1,0,3,80.03,180,74,0,0,0,FALSE,0,0,1,2,0
46e275c407f81c44dd9aad419b6e861d8a936580,1496518106,2,2,2,0.00371651,266,2260,0,4,31,1794,30,136,83.36,39,FALSE,0,54,30,306,166
e04081597754a3981e9d3c68aa8d359fc6dbe60b,1496517994,1,1,0,0,0,0,0,0,0,0,0,135,82.36,68,FALSE,0,0,0,0,0
3579da4cb0ebc8d29907f256cfd05e12d9c3216a,1496294997,0,0,0,0,0,0,0,0,0,0,0,134,81.74,0,FALSE,0,0,0,0,0
e4e32120cec8ba53fc1f69415d6a8ac10b9c9756,1496242391,2,2,2,0.0789627,17,0,0,2,119.16,213,20,0,0,0,TRUE,0,0,0,0,0
d1278dfe353d772c689a7884913a46f122538cd2,1496197902,0,0,0,0,0,0,0,0,0,0,0,133,80.9,0,FALSE,0,0,0,0,0
1beb245f3a9cdc6da333c054ba5776a2697911dd,1496001820,2,2,3,1,6,6,1,3,50.03,1206,18.33,0,0,0,FALSE,0,0,0,0,0
c8494677bb578e5217a127efe811dd2a039c48aa,1493934239,1,1,1,0,1,2,0,6,26.08,232,54,1,1,1,FALSE,0,0,0,0,0
c82753ce545657e82bd0856b4ed7176fc31fc2bf,1493934112,2,2,1,0,1,10,0,4,26.41,312,23,0,0,0,TRUE,0,0,0,1,1
7340c5d5fb48411ac49723b203273834cea90a5e,1493066931,2,2,1,0,1,1,0,6,16.04,232,54,0,0,0,TRUE,0,0,0,0,0
f31317aeca8f7fa385d6aee94ef6ec8ac9d7c072,1492273123,0,0,0,0,0,0,0,0,0,0,0,132,86.94,0,FALSE,0,0,0,0,0
b6c6a158cddd1f3f0a2eb0d751666280586f2a09,1491682226,1,1,0,0,0,0,0,0,0,0,0,16,13.94,5,FALSE,0,0,0,0,0
da4e36255d669e85bed5ab219b933c2026dcba1a,1491682199,1,1,1,0,7,3,0,6,0.34,231,53,15,12.94,5,FALSE,0,0,0,0,0
7517d89b27354c035a916d79e23ce809bf8b56f0,1491682154,1,1,1,0,30,1,1,5,0.34,490,21,14,11.94,4,FALSE,0,0,0,0,0
1e76ea36f3d631cb68779d28d445a9da58dac189,1491680681,1,1,0,0,0,0,0,0,0,0,0,13,10.94,4,FALSE,0,0,0,0,0
22ce6db383bc61adabfd79e5bfe16a7f6c7cebbb,1491680655,1,2,5,0.445302,16,10,0,7,186.82,94.2,21.6,12,9.94,4,TRUE,0,0,0,0,0
e0d59eb29bba887cb4376d1c37614dd1c2741327,1491680584,1,2,4,0.927812,23,8,1,2,233.62,111.5,8.5,11,8.94,3,TRUE,0,0,0,0,0
5c8095e48329dacaec1f8d43a9b84ed275fbd0ef,1491677480,2,2,2,0.00474248,2263,227,0,3,7.68,776,29,131,87.11,37.5,FALSE,0,54,30,303,159
982183c0e4b7d9e3293e2096863314407e4b85e0,1491677404,1,1,0,0,0,0,0,0,0,0,0,130,86.11,66,FALSE,0,0,0,0,0
fa582233af21c9f6340aad16801c0ef04c6a0e06,1491675965,0,0,0,0,0,0,0,0,0,0,0,129,85.11,0,FALSE,0,0,0,0,0
a18f0398684c803a24503799a12f3c728cc57d63,1491675516,0,0,0,0,0,0,0,0,0,0,0,128,84.11,0,FALSE,0,0,0,0,0
df6b46c076869caf935780e136fc05fbf944ef0f,1491675307,1,1,0,0,0,0,0,0,0,0,0,1,1,1,FALSE,0,0,0,0,0
04982a2ef99b2d46cbf1058d9f4a220675063fe0,1491665402,1,1,0,0,0,0,1,0,0,0,0,0,0,0,FALSE,0,0,0,0,0
19644bac7bc87a994c77346a1374258f54f713b7,1491653050,1,1,0,0,0,0,0,0,0,0,0,10,7.95,3,FALSE,0,0,0,0,0
188334439f9698c8ddd58697f75e7f0b745c9acc,1491652534,2,3,4,0.27762,40,2,0,6,110.22,270.75,21.75,0,0,0,TRUE,0,0,0,1,1
bbfbeff4bc910cd8cba543a2d519ecd919137566,1491650977,1,1,0,0,0,0,0,0,0,0,0,0,0,0,FALSE,0,0,0,0,0
a784774981f06795748faafd36ba2dde90248420,1491650364,1,1,0,0,0,0,0,0,0,0,0,0,0,0,FALSE,0,0,0,0,0
88cc84c91e614dfe15528c9fc4c71596a1710697,1491649068,1,1,0,0,0,0,0,0,0,0,0,9,6.95,2,FALSE,0,0,0,0,0
84d9a41850fd194193a9d37eac6e0ee84d5d9f74,1491648440,1,1,1,0,4,1,0,5,171.07,226,51,8,5.95,3,TRUE,0,0,0,0,0
e5beab045c6bb7092ee264a6d7cabbb9936e05b4,1491648281,1,1,1,0,1,0,0,4,171.07,465,19,7,4.95,2,TRUE,0,0,0,0,0
08eb98582e4eb9b4009f35285b231c2c1e8e7faa,1491625576,0,0,0,0,0,0,0,0,0,0,0,127,83.2,0,FALSE,0,0,0,0,0
21b43edd1daae34b2dd5f2a4492b08c6d96b7a66,1491624352,0,0,0,0,0,0,0,0,0,0,0,126,82.2,0,FALSE,0,0,0,0,0
34b63f8ce2745b766f90469113fd625a1fa4d16c,1491603412,1,1,0,0,0,0,0,0,0,0,0,6,3.96,1,FALSE,0,0,0,0,0
bb57daab1a09fcb661f653c55381ed5a1e494cb2,1491603205,1,1,0,0,0,0,0,0,0,0,0,5,2.96,0,FALSE,0,0,0,0,0
23c4dfcf559be56e9370fe98206c87ef156c661e,1491407819,1,1,0,0,0,0,0,0,0,0,0,0,0,0,FALSE,0,0,0,0,0
a8dab5767cf2e9a25b148f977ef566c7cee6a124,1491254250,0,0,0,0,0,0,0,0,0,0,0,316,129.52,0,FALSE,0,0,0,0,0
19b794848047e51f5d8689cf48820c986df49d25,1491013777,2,2,2,0.210758,16,12,0,3,124.19,774,28.5,125,82.32,36,FALSE,0,48,26,60,71
e6ffc521d296ed47ca49fed8a0f93746a2bc8bb8,1491013522,1,1,0,0,0,0,0,0,0,0,0,124,81.32,64,FALSE,0,0,0,0,0
8d675bb47a3bddadfc040837154b8725f4e6ae35,1491011203,0,0,0,0,0,0,0,0,0,0,0,123,80.32,0,FALSE,0,0,0,0,0
5b904d5f58aa96e850b39252a62abaeb8582ca2f,1491011196,1,1,0,0,0,0,0,0,0,0,0,122,79.32,63,FALSE,0,0,0,0,0
efc1f11f7cec729faf75b29221913a41ac381739,1490587977,0,0,0,0,0,0,0,0,0,0,0,121,79.06,0,FALSE,0,0,0,0,0
2fe95621b0e4839f489210452ffc6d2cb0f90343,1490587584,0,0,0,0,0,0,0,0,0,0,0,120,78.06,0,FALSE,0,0,0,0,0
8cdfcd02849057d901b2140b7d398f34a0e2685e,1490513993,1,1,0,0,0,0,1,0,0,0,0,0,0,0,FALSE,0,0,0,0,0
0104ad6c64c6d29cdbd801f923868994d6bf4f0a,1490163078,1,1,0,0,0,0,0,0,0,0,0,0,0,0,FALSE,0,0,0,0,0
5630d3be55cd591cd279927616f895356a10a361,1489865084,1,1,0,0,0,0,1,0,0,0,0,119,78.3,62,FALSE,0,0,0,0,0
202a890b930fbacd2ca8dcb5dcddf114f1d19963,1489864758,0,0,0,0,0,0,0,0,0,0,0,118,77.3,0,FALSE,0,0,0,0,0
3704d57ed47712e0470586f743a4780dd884c6de,1489544585,2,2,1,0,8,5,0,3,141.04,99,20,117,76.85,47,FALSE,0,0,0,0,0
bf2163c68e26e9c508d6e16ea38545d016473c52,1488736377,1,1,0,0,0,0,0,0,0,0,0,0,0,0,FALSE,0,0,0,0,0
fe810b1e3c132fea761378441a9b63916e5a6758,1488437707,0,0,0,0,0,0,0,0,0,0,0,116,77.76,0,FALSE,0,0,0,0,0
b053f4b1b928ff2df9829d63cf7f00a1469613d9,1488437684,1,1,1,0,1,1,1,4,45.06,179,72,115,76.76,26,FALSE,0,0,0,0,0
e411b98c29f0a24554255f16803fd813ece8b091,1488437350,1,1,0,0,0,0,0,0,0,0,0,114,75.76,60,FALSE,0,0,0,0,0
b1b986ddfec52248e00f2323a444f026903da588,1488437162,0,0,0,0,0,0,0,0,0,0,0,113,74.76,0,FALSE,0,0,0,0,0
75a64389ba003ab9e3e1358c2f020ebc79d43329,1488437003,1,1,0,0,0,0,0,0,0,0,0,112,73.76,59,FALSE,0,0,0,0,0
6d7e6fa222a67914f76f6d72588bae8cad14741c,1488436706,0,0,0,0,0,0,0,0,0,0,0,111,72.76,0,FALSE,0,0,0,0,0
2f98d8fcdba89ebd4cc0b098ee2f1af4cba69d8d,1488434694,0,0,0,0,0,0,0,0,0,0,0,110,71.76,0,FALSE,0,0,0,0,0
5df39d8fa056e7eadf5aaceedb778b2568a4a73c,1488433962,1,1,1,0,1,2,0,4,4.78,302,21,109,70.76,25,FALSE,0,0,4,4,2
161c616211bf5a0b01219ae6aa2b7941192ef2c1,1488431303,0,0,0,0,0,0,0,0,0,0,0,108,69.77,0,FALSE,0,0,0,0,0
4e6b28c40bec9680f0b575c5f866649e3bb719a9,1488431085,0,0,0,0,0,0,0,0,0,0,0,107,68.77,0,FALSE,0,0,0,0,0
4f0750887152c8b5795d17597a071a9362e533b7,1488431035,0,0,0,0,0,0,0,0,0,0,0,106,67.77,0,FALSE,0,0,0,0,0
84b068461066a9407695e565b45cc6bfa4a83ba7,1488430927,0,0,0,0,0,0,0,0,0,0,0,105,66.77,0,FALSE,0,0,0,0,0
b8f9335a971fb23cd317eada7aeb2b1c39e89364,1488430861,0,0,0,0,0,0,0,0,0,0,0,104,65.77,0,FALSE,0,0,0,0,0
609b24bf266b10e84766b72fb293e1633261a248,1488430696,0,0,0,0,0,0,0,0,0,0,0,103,64.77,0,FALSE,0,0,0,0,0
36d97e525d4bd1468131ade87495fdc39d28c56d,1488429655,1,1,1,0,3,0,1,2,122.99,337,32,102,63.77,32,TRUE,0,0,0,0,0
a8a4e0bdcd5a05ab4682567fa8dc584e2d47b191,1488143005,1,1,0,0,0,0,0,0,0,0,0,0,0,0,FALSE,0,0,0,0,0
603bd2f66c225b3fa8e3317978d06cccdb1f78cc,1488021283,1,1,1,0,6,3,0,3,165.7,299,20,0,0,0,TRUE,0,0,6,5,5
4d357d15a3bd4552b22cd2ac5d5536013fc42f23,1487057905,1,1,0,0,0,0,0,0,0,0,0,0,0,0,FALSE,0,0,0,0,0
d3f63807fefe65738fe6b3b795a30c8574676ef2,1486845901,1,1,0,0,0,0,0,0,0,0,0,0,0,0,FALSE,0,0,0,0,0
7529be298c61fa5c806738cde69f3e765a3c6d5d,1486347760,1,1,1,0,1,1,1,3,69.63,91,23,0,0,0,TRUE,0,0,0,0,0
4545b085c51bdc48d0ed2a824592e009dcffa5cc,1486017064,1,1,0,0,0,0,1,0,0,0,0,0,0,0,FALSE,0,0,0,0,0
5780e16e8a5c67f8b869f698a7170aafa9be2575,1486007543,1,1,0,0,0,0,1,0,0,0,0,0,0,0,FALSE,0,0,0,0,0
cb2e356315a57facb4b2ae01c57489c710cc1473,1485758141,2,2,0,0,0,0,1,0,0,0,0,1,1,0,FALSE,0,0,0,0,0
f034c564660ddfbee2bad6d78a212297eb94bfd2,1485751790,1,1,1,0,1,1,0,1,331.47,19,3,0,0,0,FALSE,0,0,0,0,0
142bce1fb002f8240c4076e0a1b18b0c86489d65,1484544518,1,1,1,0,3,1,0,3,79.05,177,71,0,0,0,FALSE,0,0,0,2,0
68ec2abc4a74777f746824b5595d58e07b44c119,1484090571,1,1,0,0,0,0,1,0,0,0,0,0,0,0,FALSE,0,0,0,0,0
253131c31ae1269099efb865eb0469a218e1ab2d,1483883701,1,1,0,0,0,0,1,0,0,0,0,0,0,0,FALSE,0,0,0,0,0
322be107301c5c725b13e3c0c00108e55655f540,1481252461,0,0,0,0,0,0,0,0,0,0,0,315,149.35,0,FALSE,0,0,0,0,0
fe7d09bb08fa1c0e414956b7fc760c80459b0a43,1481174625,2,2,2,0.57938,11,1,1,1,382.15,13.5,0.5,0,0,0,TRUE,0,0,0,0,0
13bc0e032faaca301863a118316dda7be30bc40f,1480955304,1,1,1,0,1,1,1,2,104.48,48,4,0,0,0,FALSE,0,0,0,0,0
cfe33d4fd391288158a3d14b9366b17c779b19e3,1480397750,0,0,0,0,0,0,0,0,0,0,0,101,75.25,0,FALSE,0,0,0,0,0
eaba7875fceabb9a5a6c84c4848bba8c39eab9f9,1480331815,1,1,1,0,0,2,1,3,29.22,93,22,0,0,0,FALSE,0,0,0,0,0
4976816808c4e81acad2393c429832afeaf9664d,1480283532,2,2,2,0.115431,28,20,0,3,40.85,770,28,100,74.46,32,FALSE,0,48,24,54,68
9ff461ab8a886daf8abf11b6e44d5720168bc9fe,1480283416,1,1,0,0,0,0,0,0,0,0,0,99,73.46,57,FALSE,0,0,0,0,0
6d0e19343a6180fb8f5c50d843dd15feeb1f49f3,1480213041,2,3,3,0.504135,30,6,1,3,83.36,91.67,19.33,98,72.59,27.5,TRUE,0,0,0,0,0
5faebabcd8f065e312b5c92081433d6ae1ef8c8f,1479449873,1,1,0,0,0,0,0,0,0,0,0,97,72.96,56,FALSE,0,0,0,0,0
858e64c9a42ec53eba397a40c4ee16c9a2c88ea4,1479449636,1,1,0,0,0,0,0,0,0,0,0,96,71.96,55,FALSE,0,0,0,0,0
63ee3573c2132bd3ef090e0214f069bd0bc7ad28,1478758916,1,1,0,0,0,0,0,0,0,0,0,0,0,0,FALSE,0,0,0,0,0
949d08df71c87cac1754087128eb845be9a6ba2c,1478365286,0,0,0,0,0,0,0,0,0,0,0,95,72.92,0,FALSE,0,0,0,0,0
e167b82a8681433a98dfa5b6ccdaafb723fa8c5e,1478364628,1,1,0,0,0,0,0,0,0,0,0,0,0,0,FALSE,0,0,0,0,0
d963368960e2e1b3ec6a2eb78ff8fd085e4e229c,1477807073,2,2,2,0.945437,40,12,0,3,173.99,102,13,94,72.96,26.5,TRUE,0,0,0,0,0
46a9639ef2597c4be79cde6d5d7d86dc0046d862,1477803486,1,1,6,0.49893,18,18,1,3,144.85,158.5,8.5,93,71.97,29,TRUE,0,0,0,0,0
417913bf8b0b8c3530e3df122b4581cd83f0feb5,1477714767,1,1,1,0,1,1,1,3,11.12,177,70,92,71.13,22,TRUE,0,0,3,2,2
f40de498e6af74d9ef45d1321118549f64584764,1477370478,1,1,1,0,3,9,0,3,14.15,238,29,91,70.75,54,TRUE,0,0,0,0,0
fd13bad53a3375b296ff1423170b99ed70376f9e,1477358696,1,1,0,0,0,0,0,0,0,0,0,90,69.77,53,FALSE,0,0,0,0,0
3ddeae60e5bf858bee601118641eba60e52da8f2,1477358676,2,2,2,0.210758,1,6,0,2,329.01,52,10,89,68.77,40,FALSE,0,0,0,0,0
df6d3ce6cf10432b7920d8c3ac0efb7254989bc4,1476867762,3,3,2,0.160002,141,2,0,4,16.17,276,28.5,0,0,0,TRUE,0,0,0,0,0
b78f3fe79298a000f056ff40bbd1447c2d667cc5,1476810591,0,0,0,0,0,0,0,0,0,0,0,314,159.96,0,FALSE,0,0,0,0,0
7c89704262913cebd98f7a27918b92c87c48c9e1,1476802778,1,1,1,0,5,3,1,4,0.57,210,49,0,0,0,TRUE,0,0,0,2,0
b21a280df0475c89b8cd0ca7ac698a16eca46ec0,1476799159,0,0,0,0,0,0,0,0,0,0,0,313,158.99,0,FALSE,0,0,0,0,0
3af756049f102be2eebafdbb108f10173380a68d,1476754172,2,2,2,0.734496,7,3,0,3,2.79,768,27.5,88,68.84,28,FALSE,0,48,20,52,66
25a5e779b66fc56264e8eabdfc7d6b662a45d42a,1476754075,1,1,0,0,0,0,0,0,0,0,0,87,67.84,50,FALSE,0,0,0,0,0
3fcf54ff361d4563445e295212c362d5b1e6c518,1476753613,2,2,3,0.366217,31,0,1,5,30.27,147.67,32.33,86,66.84,24,TRUE,0,0,1,0,0
ce1ecdae7a035c144b3726e976c3d1a98caa7bd0,1476732257,1,1,1,0,1,1,0,5,0,206,47,1,1,1,TRUE,0,0,0,0,0
5c4ca4ccc4ae33bfa9e06c2fd62f6d23b2fe6b66,1476731898,1,1,1,0,2,0,1,4,30.02,204,46,0,0,0,TRUE,0,0,0,0,0
3f8b128da4ab11e34f0b880381f9395b2ab0e22f,1476513321,2,2,2,0.0872788,28,34,0,3,4.08,771,27,85,66.25,26.5,FALSE,0,48,20,52,66
ffd72e646a6e8a42730502dfff420e3d987203b5,1476513211,1,1,0,0,0,0,0,0,0,0,0,84,65.25,48,FALSE,0,0,0,0,0
81e566b905a7da462532be1bdf81b076e33be30e,1476512699,1,1,1,0,1,7,1,1,219.3,50,6,83,64.25,47,FALSE,0,0,0,0,0
e8c5c49ea2f2cf4fd45eaf81270a6d23546e2c93,1476160790,2,2,2,0.00896337,338,199,0,3,44.42,701.5,26.5,82,63.83,24.5,FALSE,0,54,22,64,74
94a335942806a754be11ef754cca84fe976c8baa,1476160713,1,1,0,0,0,0,0,0,0,0,0,81,62.83,45,FALSE,0,0,0,0,0
12341d88c08eda84919c07c858a4d3168521613c,1476148260,1,1,1,0,5,4,0,3,105.27,237,28,80,61.85,44,FALSE,0,0,0,0,0
2f7be51ae82ff608606d19561f23c3e715410056,1476147857,1,1,0,0,0,0,0,0,0,0,0,79,60.85,43,FALSE,0,0,0,0,0
4882ce5359c0ea5238de1cda21fb40a0584f9858,1476117104,0,0,0,0,0,0,0,0,0,0,0,312,159.91,0,FALSE,0,0,0,0,0
2e0adc1cae76eb214800ce64cfb5d27c032c8556,1475164457,3,3,2,1,3,1,0,1,116.28,70.5,5.5,0,0,0,TRUE,0,0,0,0,2
d982cf99324124582721d1cd15a99cb975e93716,1474937438,1,1,0,0,0,0,1,0,0,0,0,78,61.76,42,FALSE,0,0,0,0,0
8f304903863800f1efe9d4fd15f7611d1b0d4e15,1474673202,1,1,0,0,0,0,1,0,0,0,0,77,61.19,41,FALSE,0,0,0,0,0
e9fbe959d2b4a44766eec2e871bf00f8cfa0c245,1474671505,1,1,1,0,2,2,0,2,6.17,79,18,76,60.19,20,TRUE,0,0,0,0,1
032916e1165895edfa82dd50118f8c2bb16b55e2,1474671287,0,0,0,0,0,0,0,0,0,0,0,75,59.19,0,TRUE,0,0,0,0,0
b718ebfb2190d9c9899a7a7d19c48af6296d30da,1474520991,0,0,0,0,0,0,0,0,0,0,0,311,163.53,0,FALSE,0,0,0,0,0
216e2a6787fa836d0aeb0b000c2849ba88e2f462,1474508857,3,6,6,0.438091,27,0,0,3,23.61,37,9.67,74,58.44,28.3333,TRUE,0,1,0,0,3
920769d0d74b6f37c64e715051aa7ed1ee50fc74,1474426464,1,1,0,0,0,0,0,0,0,0,0,73,57.56,39,FALSE,0,0,0,0,0
5efca1ebbc9df85ff88758a9523480eccca531d7,1474233387,1,1,0,0,0,0,0,0,0,0,0,72,56.85,38,FALSE,0,0,0,0,0
2033ef3ad01ae3c83dc0e39adddf682852b17939,1474141754,2,2,0,0,0,0,0,0,0,0,0,71,55.98,31,FALSE,0,0,0,0,0
72dd897bb584e2730980f5d211cf783186a2482b,1474138376,2,5,7,0.428237,139,10,0,4,27.58,128,22.71,70,54.99,21,TRUE,0,0,0,0,2
df50698d5a9bb03ffd87c6519350bfb2cf3f61ad,1473998969,0,0,0,0,0,0,0,0,0,0,0,69,54.19,0,FALSE,0,0,0,0,0
b2bc3354ac22e76e129ef8ae5b9656fa555fa061,1473998792,2,2,4,0.46663,176,0,0,0,0,0,0,68,53.19,20,TRUE,0,2,0,1,2
b8f6f5049cf3da8126a184b6b270316402b5b374,1473706241,1,1,1,0,1,1,1,2,1.23,63,7,4,3.45,1,FALSE,0,0,0,0,0
166d68ca1cb8f2604fed4ff60b40a443dc8a12e2,1473706067,1,1,0,0,0,0,0,0,0,0,0,67,52.59,36,FALSE,0,0,0,0,0
436d14b97626728e4ad45c9c9015ab9ec238de1c,1473705508,1,1,1,0,1,1,1,3,4.53,164,67,66,51.59,16,FALSE,0,0,0,4,0
4c4e648f409de9cddc1b392b7695d5e4864fa561,1473704800,1,1,1,0,1,1,0,2,1.22,299,19,65,50.59,15,FALSE,0,0,0,0,0
de7d02318bd506f621722d5e7514746a319912ea,1473702562,0,0,0,0,0,0,0,0,0,0,0,310,164.99,0,FALSE,0,0,0,0,0
086a855b830b7e2895e5278ef200d08280b48480,1473702467,0,0,0,0,0,0,0,0,0,0,0,309,163.99,0,FALSE,0,0,0,0,0
85548964a63273d57c74bdaf0806ef25bd8ec570,1473702272,0,0,0,0,0,0,0,0,0,0,0,308,162.99,0,FALSE,0,0,0,0,0
6cc03f06a7081ca17fe1d83ede308cbfb890226b,1473702190,0,0,0,0,0,0,0,0,0,0,0,307,161.99,0,FALSE,0,0,0,0,0
077153a0a73cceeba917a985078319b5a8e9be48,1473599722,2,2,2,0.210758,13,1,0,2,217.76,175,10.5,0,0,0,TRUE,0,0,0,0,0
88130689589872cd6f19866680162abb46a39d7a,1473313751,1,1,1,0,3,1,0,3,16.04,162,66,0,0,0,TRUE,0,0,0,3,0
977512da64415b31fc49d4b7f85715de7a858d2f,1473139277,1,1,0,0,0,0,0,0,0,0,0,0,0,0,FALSE,0,0,0,0,0
755a9b345953b1eb08f18ca1bc7c5b54cedf9858,1472573169,0,0,0,0,0,0,0,0,0,0,0,64,51.08,0,FALSE,0,0,0,0,0
58a734e652dc52b0c5675df93349979b6d150b35,1472572665,1,1,0,0,0,0,0,0,0,0,0,0,0,0,FALSE,0,0,0,0,0
0b8c86e2979557e41beaa1f42ce4504266c9081f,1472531443,1,1,0,0,0,0,0,0,0,0,0,306,164.5,133,FALSE,0,0,0,0,0
c96348660dacddd32676924d4f1bde535c45fb77,1472322592,2,2,2,0.202519,18,11,0,3,42.05,698,26,63,50.42,18.5,FALSE,0,42,20,59,68
66ec8c0a32c21157456c335100b7e7b05583bc25,1472322413,1,1,0,0,0,0,0,0,0,0,0,62,49.42,34,FALSE,0,0,0,0,0
8bbe4c86b605e185d19778f6042be8f859a46306,1472315835,1,1,0,0,0,0,0,0,0,0,0,61,48.43,33,FALSE,0,0,0,0,0
20666942d60f92e9d79d8c266972343ca6358e13,1472078894,2,2,0,0,0,0,0,0,0,0,0,60,47.73,27,FALSE,0,0,0,0,0
65ffdaefe81c632cf79bf17add0bd64cdd87a653,1472078523,1,1,1,0,1,1,1,3,0.28,324,16,59,46.73,21,TRUE,0,0,0,0,0
93ae90ae6e1d99cdbae383875bc54977ba6c2769,1472054726,3,3,2,0.307475,101,5,0,3,21.24,211.5,25,3,2.11,2,TRUE,0,0,0,0,0
96d7ac2a0c01b625202aad36ff758e69cf717a07,1472002165,2,2,0,0,0,0,0,0,0,0,0,58,45.82,25.5,FALSE,0,0,0,0,0
63f41b53aa45f1295c5ad9035b7a7734422e6d7a,1471927979,4,4,3,0.102661,120,7,0,2,28.34,69.33,22,0,0,0,TRUE,0,0,0,6,3
59080e68d983782445eded3a39f426161611e749,1471578123,0,0,0,0,0,0,0,0,0,0,0,57,45.32,0,FALSE,0,0,0,0,0
0dfd53f1518e4b3b9dc16acbf3924d09c3a66d58,1471577663,0,0,0,0,0,0,0,0,0,0,0,56,44.32,0,FALSE,0,0,0,0,0
1bd9b195a55d7c6604aab295ad835e1f35c93fb6,1471576453,1,1,1,0,5,1,0,3,2.44,99,18,55,43.33,30,FALSE,0,0,0,0,0
232521623917a9da30cc117d86fba92208bba697,1471575714,1,1,0,0,0,0,0,0,0,0,0,54,42.33,19,FALSE,0,0,0,0,0
48549c8de72ad802d265c041ff5aa8f9c6a971dc,1471399408,2,2,0,0,0,0,0,0,0,0,0,53,41.52,23.5,FALSE,0,0,0,0,0
7241be2160bad7da55f9b06d266c0699ee4b76f6,1471370752,1,1,0,0,0,0,0,0,0,0,0,0,0,0,FALSE,0,0,0,0,0
9a5e77bf6ebef500f3c1cf190bdedcbac62491fd,1471369772,2,2,0,0,0,0,0,0,0,0,0,52,40.55,22.5,FALSE,0,0,0,0,0
0664d9895a7d595599c2834b18d4e572f2686e26,1471365263,2,2,1,0,1,1,0,2,130.85,99,17,51,39.55,21.5,FALSE,0,0,0,0,0
fa5ce95fdcee5c3a6c0ffac0164f148351ae3081,1471058190,0,0,0,0,0,0,0,0,0,0,0,305,168.11,0,FALSE,0,0,0,0,0
6132d9630d641d253f268c8aa2e128aef94ed44f,1471046579,0,0,0,0,0,0,0,0,0,0,0,50,38.87,0,FALSE,0,0,0,0,0
e861a6cf756d25598c32ee8531a4d8c7e54fbb8d,1470905273,1,1,1,0,15,0,0,2,2.84,67,9,1,0.99,1,TRUE,0,0,0,0,0
8f0973c6b92068571ad137d426a288abb962c429,1470810188,1,1,1,0,2,2,1,2,47.33,92,9,49,38.11,15,FALSE,0,0,0,0,0
5176dfdec52033d73333613b8884aa74a7f0b005,1470809831,3,3,1,0,6,1,0,2,47.36,41,48,48,37.11,18,TRUE,0,0,0,0,0
1525e8771b9d2461cdbdd2e7181a11bb881e3cca,1470713064,1,1,0,0,0,0,1,0,0,0,0,0,0,0,FALSE,0,0,0,0,0
85b90158907ba7fa21a02edb4bb26bfa08bafa61,1470659471,2,2,2,0.194885,14,1,1,2,91.69,107,35.5,0,0,0,TRUE,0,0,1,0,0
8abe0d4007dd6b3fae5a1c4e019587b7a7f50930,1470327496,0,0,0,0,0,0,0,0,0,0,0,47,36.56,0,FALSE,0,0,0,0,0
1ffcbb0369cd241077f610600cc6e61e092afba1,1470219415,2,2,2,0.293634,20,1,1,3,31.09,202,24.5,0,0,0,TRUE,0,0,0,0,0
8332392bfdf55602d4e0cd120f00d58b381063a4,1469427303,0,0,0,0,0,0,0,0,0,0,0,46,36.41,0,FALSE,0,0,0,0,0
f504dbaba8aba2843f05a13be7d218f4d7469cbc,1469398064,1,1,0,0,0,0,0,0,0,0,0,3,2.92,1,FALSE,0,0,0,0,0
4c790d5a7a7df7a11e094a431a00e64bff65a19f,1469214594,1,1,1,0,7,3,0,3,12.99,174,42,2,1.93,2,TRUE,0,0,0,3,0
0578445929019efe370dae56cd6f39647e8a73c1,1468689346,1,1,1,0,2,2,0,2,0,337,30,304,175.05,64,TRUE,0,0,0,0,0
377efb89aed819ed1cd416b69f057632ad5664a5,1468689195,2,2,2,0.377073,14,3,0,3,2.9,692.5,25.5,303,174.05,79.5,FALSE,0,42,20,56,64
af07c3145b85423b7ecb20234c43f1255c0667b8,1468689163,1,1,0,0,0,0,0,0,0,0,0,302,173.05,131,FALSE,0,0,0,0,0
98d489558e6ac0829d9eb8e6ca3a4d6800fd7a7a,1468689058,2,2,2,0.405639,44,0,0,2,6.9,184,21.5,301,172.05,69.5,TRUE,0,0,0,0,1
ff919487e13430098d3da37a37cc04c3f24b59c4,1468438943,2,2,2,0.00437235,596,482,0,3,42.6,635.5,25,300,171.9,78,TRUE,0,52,26,101,82
76186e0a75904c5cdfb0978587943b4ad1a627f8,1468438890,1,1,0,0,0,0,0,0,0,0,0,299,170.9,129,FALSE,0,0,0,0,0
f51bb27ce8a4cdc6804fcb6eda44d7d73e4de3ff,1468436310,0,0,0,0,0,0,0,0,0,0,0,298,169.91,0,FALSE,0,0,0,0,0
b2745873a170d8150cb7fbdcfbb4acaad802db57,1468166500,1,2,2,0.300807,36,36,0,3,28.9,73.5,16.5,1,1,1,TRUE,0,0,0,5,5
157efd5615890301824e3121cc6c9d2f9b21f94a,1468092616,3,4,4,0.349798,296,327,0,3,9.08,183.25,28.75,0,0,0,TRUE,0,0,5,48,14
8f3a4301ab1abb0f6224401dc9bf1810471e1227,1467992350,0,0,0,0,0,0,0,0,0,0,0,45,36.8,0,FALSE,0,0,0,0,0
235c19c876c2d3933bf776b396859053b012a7a5,1467900080,1,1,1,0,2,2,0,1,13.7,70,13,1,1,0,FALSE,0,0,0,0,0
75f9b8c5fd3680e6f2bb704b3062544ccae16817,1467899991,1,1,1,0,29,0,1,2,23.71,304,27,0,0,0,FALSE,0,0,0,0,0
54f3a5dd93b2c83a4c04675b1b59a5189a9646f7,1467125898,1,1,0,0,0,0,0,0,0,0,0,297,173.41,128,FALSE,0,0,0,0,0
181f4e78b95522d07917c7a46869d502f451d159,1467053289,2,2,2,0.438746,11,4,1,3,22.11,162.5,14,296,172.66,94.5,TRUE,0,0,0,0,0
2b45762a9b8f780b16f9202c63a843685dea6248,1466828429,1,1,0,0,0,0,0,0,0,0,0,44,36.97,25,FALSE,0,0,0,0,0
3b0ba3d9359a15f621a74f5d4f9caa27774a78b5,1466828380,0,0,0,0,0,0,0,0,0,0,0,43,35.97,0,FALSE,0,0,0,0,0
cdec7d4c6f2d0afe074b8c975b0604e5499f2cfb,1466819814,1,1,0,0,0,0,0,0,0,0,0,0,0,0,FALSE,0,0,0,0,0
1725e0808dea179cf820408a45609714c5156850,1466721008,1,1,1,0,1,1,1,2,0.03,92,8,295,172.83,61,TRUE,0,0,0,0,0
61617543268b024e42996e20ff0435b94a893c5d,1466718156,2,2,2,0.85908,42,7,0,3,0.02,49,25.5,294,171.84,67.5,TRUE,0,0,0,0,2
46eee269da70c33420ff3f8490836674f2a44ceb,1466716750,2,3,3,0.458458,11,3,1,3,43.36,58.33,17.33,293,170.84,66.5,TRUE,0,0,0,0,2
10eb23865101f9347570552c04e9d6211376e25e,1466716295,1,2,3,0.631502,17,9,0,3,3.36,130.67,32,292,169.84,73,FALSE,0,0,2,4,2
e833a2f7e4a5ec32516e3f17763374c0377a4323,1466715322,2,2,3,0.824723,43,39,0,2,57.25,132.33,7.33,291,168.85,65,TRUE,0,0,0,0,0
f21784ccb8b2a579df58128581d19905a7bb0d95,1466712267,1,1,1,0,0,3,0,1,21.97,110,1,290,167.86,71,FALSE,0,0,0,0,0
7a12f3660270c16e239e1862b7b65a5140f3ea0f,1466711943,1,1,1,0,1,1,0,2,9.96,160,61,289,166.86,70,FALSE,0,0,0,1,1
e97123dc52f6f7fb59a08036c34bf0e3d397196b,1466663600,1,1,1,0,4,2,0,3,8.18,232,26,42,35.13,24,FALSE,0,0,0,0,0
29a1e108719ce1f510149f83bbadd9b0578a5323,1466663253,1,1,0,0,0,0,0,0,0,0,0,41,34.13,23,FALSE,0,0,0,0,0
a59fee5346852e821725af89c0e54693fd3c8172,1466663125,1,1,0,0,0,0,0,0,0,0,0,40,33.13,22,FALSE,0,0,0,0,0
adc23cb355d8c4b1472b827c570643946d1ded8d,1465956946,1,1,1,0,5,2,0,2,83.81,229,25,39,32.77,21,FALSE,0,0,0,0,0
a7e4e69f6fb0694a089a358aa2191aa1ed8c6fc0,1465942923,1,1,0,0,0,0,0,0,0,0,0,38,31.78,20,FALSE,0,0,0,0,0
f2c554e4b56719d5fe78c6a6be94a7735971421a,1465878389,0,0,0,0,0,0,0,0,0,0,0,288,168.67,0,FALSE,0,0,0,0,0
6f2186d863be5c886e6e78d4c96cba8c9f232541,1465869535,1,1,3,0.930818,16,10,0,2,0.21,18.33,1,37,30.84,13,TRUE,0,0,0,0,0
91dae3c4ad4f75c16bb077fec0a3914d63730659,1465851368,4,9,13,0.70286,105,26,0,3,82.04,81.85,8.38,36,29.86,11,TRUE,0,2,0,0,4
120e8f5557975668ba2bbc2ac78b0dee3998e4e9,1465133896,1,1,0,0,0,0,0,0,0,0,0,287,170.24,126,FALSE,0,0,0,0,0
0e2f4f14171ccd161e85478c7b1aba61c3b431a2,1464813734,2,3,4,0.473734,173,101,0,2,3.46,100,13.5,286,170.36,63,TRUE,0,1,0,3,4
203cbc2da0ef0f68d517ba2a6176df1d48efc2fb,1464810878,2,6,7,0.719587,9,9,0,4,108.87,85.29,17.43,285,169.37,62,TRUE,0,4,1,1,1
eea790b8de15956c04f5c9968e6a7053f8bd6426,1464808576,1,3,0,0,0,0,0,0,0,0,0,284,168.38,67,FALSE,0,0,0,0,0
4d1269cb4a9773db128f459046b6c4c2a0926859,1464758520,2,2,2,0.0379236,87,48,0,3,14.56,616,24.5,35,29.76,9.5,FALSE,0,36,22,61,64
4873e8187ae59539e9e01b40921fcdfd2c9b8537,1464758407,1,1,0,0,0,0,0,0,0,0,0,34,28.76,17,FALSE,0,0,0,0,0
ad260b575ca032bd72f35ebf978ae6d6abdf7f03,1464745881,1,1,0,0,0,0,0,0,0,0,0,33,27.77,16,FALSE,0,0,0,0,0
5c5a94007c3c1807e0fd3c99457e1603b0d02511,1464744572,1,1,1,0,16,0,0,1,12.95,210,12,32,26.77,12,TRUE,0,0,0,0,0
4e7ca3dea349e6076e7f1e70a5fcb7206a4f0cc0,1464742425,0,0,0,0,0,0,0,0,0,0,0,31,25.77,0,TRUE,0,0,0,0,0
da62e873a5f6a07c857aeec4cae3024077a017c9,1464709060,0,0,0,0,0,0,0,0,0,0,0,283,167.72,0,FALSE,0,0,0,0,0
9c6076b87beb974006edb35b5452ee3ee4efd08a,1464709039,1,1,0,0,0,0,0,0,0,0,0,282,166.72,125,FALSE,0,0,0,0,0
112f98dc18affc7e1ddcf5f82177c10f094a8f11,1464144025,0,0,0,0,0,0,0,0,0,0,0,281,167.66,0,FALSE,0,0,0,0,0
c311466a2c1ad9afa1bced687db44d8aa3bd4ffd,1463626580,0,0,0,0,0,0,0,0,0,0,0,30,25.57,0,FALSE,0,0,0,0,0
600653e293e94bcc039f0fb29cde55826407d755,1463626032,1,1,1,0,12,0,0,1,34.09,179,10,29,24.57,11,TRUE,0,0,0,0,0
94a2128549ed2e2bd5d36378d8b9a203e6552cc3,1463625861,0,0,0,0,0,0,0,0,0,0,0,28,23.57,0,FALSE,0,0,0,0,0
2b8d89a65e0d3de0bcc643af35bae593a98eaf13,1463622454,2,3,4,0.375404,4,12,0,3,26.51,188.75,9.5,27,22.57,10.5,TRUE,0,0,0,2,2
05a522fc123f8e9f5b1424c35f42bbfa9ec95307,1463519764,0,0,0,0,0,0,0,0,0,0,0,280,168.84,0,FALSE,0,0,0,0,0
9a18c393cb70c338d34f782c3f595e778e2f22d8,1463519269,1,1,0,0,0,0,0,0,0,0,0,1,1,0,FALSE,0,0,0,0,0
0d9996b1a0cd4396c774fa052ff73cc9116054ec,1463518474,2,2,2,0.251463,5,1,0,2,37.54,87.5,22.5,0,0,0,TRUE,0,0,0,0,1
2e949495f0177bd4f4faab8ce031aa32bef50f47,1463500746,2,2,2,0.438746,7,8,0,3,20.49,616.5,24,279,167.9,74.5,FALSE,0,34,20,57,58
f5a990a1f1887009698b09b68d1e7300ad3a86a5,1463500670,1,1,0,0,0,0,0,0,0,0,0,278,166.9,123,FALSE,0,0,0,0,0
a8a55876bf39c41aa3f2fa02396e741f20913b28,1463500088,0,0,0,0,0,0,0,0,0,0,0,277,165.9,0,FALSE,0,0,0,0,0
f1d6b3cf346e6abf249f00f787b75b9df7df139c,1463492293,0,0,0,0,0,0,0,0,0,0,0,276,164.93,0,FALSE,0,0,0,0,0
b1e6e753fff37c56b0241307a0a76191469f5c2c,1463489535,1,1,1,0,1,1,1,2,34.42,266,14,0,0,0,TRUE,0,0,0,2,2
5a20edeb0c6d175c22b3baf77d86bcda032cf3cf,1463168225,1,1,1,0,1,1,0,3,0.01,120,42,1,1,1,FALSE,0,0,0,0,0
7548f2f79d20031cd89ea7c2c83f6b3a9c2b1da4,1463167738,1,1,1,0,1,0,1,2,109.88,119,41,0,0,0,FALSE,0,0,0,0,0
f20490eb6b7d37478bd9906649ce085e0a269c6c,1462649188,3,6,8,0.512988,101,18,0,3,48.13,103.25,7.25,26,22.19,11.3333,TRUE,0,1,0,4,0
580ef523d5ac20e4b6357183593a83bd3f4f7dc6,1462340439,0,0,0,0,0,0,0,0,0,0,0,25,21.38,0,FALSE,0,0,0,0,0
f32b5a6ce4778aa94fd270f409eee0482e44c4c9,1462339458,1,1,1,0,2,4,0,2,7.38,164,58,0,0,0,FALSE,0,0,0,0,0
ea375220a26fc8b0ec837e7526e678cd737eabda,1462251843,1,1,0,0,0,0,0,0,0,0,0,24,20.43,14,FALSE,0,0,0,0,0
371c31a463c5de16167abb7df6aea52432325d12,1461866333,1,1,0,0,0,0,0,0,0,0,0,275,169.63,122,FALSE,0,0,0,0,0
82d34ac743022aaf0c4e68650b39d2f7edab73a4,1461730382,2,2,2,0.0516235,70,31,0,2,5.97,597,23.5,23,19.73,6.5,FALSE,0,34,20,56,54
4b150f26dffaec6e663662ae8038aef16792171e,1461728526,1,1,0,0,0,0,0,0,0,0,0,22,18.73,12,FALSE,0,0,0,0,0
aeac3e132ee3de1eca15af9bd964face570e729c,1461702319,0,0,0,0,0,0,0,0,0,0,0,274,169.23,0,FALSE,0,0,0,0,0
fa9444e0babdbf87cc6e04eb72da420c0f2ffbc5,1461701938,3,6,6,0.412754,149,15,0,4,17.08,104.67,16.83,21,17.74,9.33333,TRUE,0,1,1,3,1
a04077a17db282c476c348e67994a95db2d015f6,1461336436,2,2,2,0.971955,46,5,0,3,7.59,169.5,19.5,0,0,0,TRUE,0,0,0,5,0
093593cbcafa0d829e3d84e363bc76c0c961996e,1461257034,0,0,0,0,0,0,0,0,0,0,0,273,169.85,0,FALSE,0,0,0,0,0
2ebdd2de205e53f96511874da9b693c87f9d841c,1461215144,0,0,0,0,0,0,0,0,0,0,0,272,169,0,FALSE,0,0,0,0,0
2797f10ea5d2cd963a8e5c80da319848bad9f499,1461214315,2,2,2,0.0577101,67,24,0,2,87.27,575.5,23,271,168,72.5,FALSE,0,32,24,59,54
f569894ebc84171704b388047b8a3ce2f8c0cbfd,1461214284,1,1,0,0,0,0,0,0,0,0,0,270,167,120,FALSE,0,0,0,0,0
6554493bdd3225ff87a26aa548dc562978f6d596,1461212890,0,0,0,0,0,0,0,0,0,0,0,269,166.01,0,FALSE,0,0,0,0,0
7cf19f64c4143603bf1482d08905048f95eb7849,1461212881,1,1,1,0,3,3,0,1,64.95,34,10,268,165.01,66,FALSE,0,0,0,2,2
716e487038fca364648f61c6c432063f1d2c41c0,1461108405,1,1,1,0,5,0,1,3,10.99,151,34,0,0,0,FALSE,0,0,0,0,0
8a60a4eb8b0e12993875a944e3db6f75c1318975,1461010145,0,0,0,0,0,0,0,0,0,0,0,20,17.09,0,FALSE,0,0,0,0,0
0ec09f7be9bc0797e62d5e11664caf09c9228b5a,1461009843,1,1,0,0,0,0,1,0,0,0,0,0,0,0,FALSE,0,0,0,0,0
4d83ba91f5d4f2bf10a60961c0c6ad6d7202c567,1461003731,2,2,2,0.6973,4,9,1,1,31.34,203,35,19,16.09,7.5,TRUE,0,0,0,0,0
d88bc12e59ecfb8c2e1e77f7ecb545154575e389,1460693062,1,1,0,0,0,0,0,0,0,0,0,18,15.23,10,FALSE,0,0,0,0,0
d23f9d5d4782e5849362895f8b648ed587999706,1460680715,2,3,3,0.306809,72,44,0,4,17.52,124.33,16,17,14.23,6.5,TRUE,0,0,0,3,0
5c58b831cc9090a6ca499f9d86305c915ce08448,1460567322,0,0,0,0,0,0,0,0,0,0,0,16,13.28,0,FALSE,0,0,0,0,0
9d22e9a9bb820b60902854c67a172dde2a6f6991,1460563996,1,1,0,0,0,0,1,0,0,0,0,0,0,0,FALSE,0,0,0,0,0
9e7b1b59933cb5777152252b80b9fd5c0403d178,1460515752,2,2,2,0.623406,33,1,0,2,73.3,157.5,7.5,15,12.3,5.5,TRUE,0,0,0,1,0
4de17bca095345854a1a39a60af8d85f55961900,1460158911,1,1,1,0,1,1,1,2,165.31,151,33,14,11.41,5,FALSE,0,0,0,0,0
6bb376d9f1ae456df47e1b6babdf7f6174e03130,1460060672,1,1,0,0,0,0,0,0,0,0,0,267,168.14,119,FALSE,0,0,0,0,0
df29a221c25de23d3b9acdb20fe1e698ec575068,1460060491,1,1,0,0,0,0,0,0,0,0,0,266,167.14,118,FALSE,0,0,0,0,0
f269a702fef49e8cb6224aeb447a97316e20bca2,1460059983,1,1,1,0,19,8,0,2,191.56,88,16,265,166.14,117,FALSE,0,0,0,0,0
a913ea56c153d6ec6a70b523e683fe7ffa724476,1459480138,0,0,0,0,0,0,0,0,0,0,0,13,10.62,0,FALSE,0,0,0,0,0
256f87e9542ec841693a0af3e260527790a39530,1459454670,1,1,0,0,0,0,0,0,0,0,0,12,9.63,9,FALSE,0,0,0,0,0
7331c2b09930ec9e6b86b91b60e5f6ef98f3c25a,1459453895,1,1,0,0,0,0,0,0,0,0,0,11,8.63,8,FALSE,0,0,0,0,0
7c039e89945c67c8ed036847c1b01556a95bb84c,1459359817,1,1,0,0,0,0,0,0,0,0,0,264,167.69,116,FALSE,0,0,0,0,0
34dbdff84613346e6948d2ab316dc84ef1208482,1459224590,0,0,0,0,0,0,0,0,0,0,0,263,167.19,0,FALSE,0,0,0,0,0
8972ea52086d2f4db20591f59904a40240498123,1459210155,1,1,1,0,2,2,1,2,0.02,171,54,1,1,1,TRUE,0,0,4,4,2
aaca1244eb2d1229cb093acc16fb9a3c06f16d42,1459208631,1,1,1,0,1,1,1,1,19.02,171,53,0,0,0,TRUE,0,0,2,0,0
92e15fa0d1847210ae04017c078c9248c29b82fe,1459012247,0,0,0,0,0,0,0,0,0,0,0,262,166.98,0,FALSE,0,0,0,0,0
8dab9d1e7e69b76db4b8216f390a0cd207f75d52,1459012152,0,0,0,0,0,0,0,0,0,0,0,261,165.98,0,FALSE,0,0,0,0,0
21cf932d0f18ed4092d377394aed7791630697bf,1458950012,0,0,0,0,0,0,0,0,0,0,0,2,1.98,0,FALSE,0,0,0,0,0
104276ffa774760d0b00cb1312621d5b1993e483,1458799365,0,0,0,0,0,0,0,0,0,0,0,260,165.76,0,FALSE,0,0,0,0,0
c622b35f38c3072c3aeb5e51f3a2116e67286e0e,1458715596,1,1,1,0,5,2,0,3,1.01,226,24,10,7.8,7,FALSE,0,0,0,0,0
57a1ed46dac67118b154f3a615a91e11aad9e07c,1458671331,3,4,3,0.334092,35,1,0,2,28.1,110.67,14.67,0,0,0,FALSE,0,0,0,0,0
fefa23a8dd0a3d860c2bcda7b4c9edf5d0e39929,1458671331,3,4,3,0.334092,35,1,0,2,28.1,110.67,14.67,1,1,1,TRUE,0,0,0,0,0
4f61a78436581be42efdd1d1f2b2786c1b33b2bb,1458628515,1,1,1,0,8,5,1,2,12.3,223,23,9,6.81,6,FALSE,0,0,0,1,0
d166954dc1bac199f27a485029458ddc9afa92c6,1458607726,1,1,0,0,0,0,1,0,0,0,0,8,5.82,5,FALSE,0,0,0,0,0
e22cbae49447f1c88680cc3d97888b6949f6a41f,1458068460,0,0,0,0,0,0,0,0,0,0,0,259,167.47,0,FALSE,0,0,0,0,0
ff5cd292e339cb997a2c8fa6958b915a9eaecb28,1458067605,1,1,0,0,0,0,1,0,0,0,0,0,0,0,FALSE,0,0,0,0,0
230665748239c95e60a83b5285e0ab43ef74fb1b,1457574938,1,1,0,0,0,0,0,0,0,0,0,258,168.34,115,FALSE,0,0,0,0,0
4d2f9c21d48f8370a16af9e0b890cd0ce137b158,1457565430,2,2,3,0.49976,18,4,0,2,46.64,143.33,25.67,257,167.37,89.5,TRUE,0,0,2,1,0
dcbb35226245483930a1f2969927a3b348bb2558,1457382087,2,4,19,0.390759,141,124,0,5,36.15,80.11,3.32,256,167.07,84,TRUE,0,0,2,8,8
0da38da92154684d368e5ecbb6b6e60dbb5d8136,1457373046,1,1,1,0,10,10,0,1,4.98,170,51,255,166.1,64,TRUE,0,0,0,2,0
701d66d9d01e59b5a1f0e0fbe32e305339d0e455,1457247399,0,0,0,0,0,0,0,0,0,0,0,254,165.57,0,FALSE,0,0,0,0,0
5fc59a65aa9df399c19f756a0020b132e7e2dcb2,1457247362,0,0,0,0,0,0,0,0,0,0,0,253,164.57,0,FALSE,0,0,0,0,0
84755d1325c228553883a89a5d6e348dcb67e305,1457246413,0,0,0,0,0,0,0,0,0,0,0,252,163.58,0,FALSE,0,0,0,0,0
3c2594292ac67c53aae403818e4e728c946b8b78,1457246110,0,0,0,0,0,0,0,0,0,0,0,251,162.58,0,FALSE,0,0,0,0,0
955d5a02e4c72310ac82a26421c3d2bffbaae067,1457245769,2,2,2,1,2,2,0,3,0.01,236.5,12,250,161.58,83,FALSE,0,0,0,0,0
11ca70cfb6e5370310efe4099ab18582452374a2,1457245513,1,1,0,0,0,0,0,0,0,0,0,249,160.58,111,FALSE,0,0,0,0,0
dc07ef2559fff614fb8df04114a78555c7eea51a,1457245059,2,2,11,0.594653,147,202,1,4,1.43,124.36,4.82,248,159.58,81.5,TRUE,0,0,0,0,0
6d84717cbaaa905a19cf8fee6e65c3bf7977c860,1457244953,2,2,1,0,1,0,0,1,6.1,138,29,247,158.58,86,FALSE,0,0,0,0,0
7462c49a139be51f543f774dc8a9a4044110077b,1457113302,1,1,0,0,0,0,0,0,0,0,0,246,158.05,108,FALSE,0,0,0,0,0
ab2fba805e5377d0208848101ba05e603a331f18,1457113151,1,1,0,0,0,0,0,0,0,0,0,245,157.05,107,FALSE,0,0,0,0,0
371b82a2a07d8a2a9669f687618aa6119d7a32e1,1457112905,1,1,11,0.435294,106,251,0,3,104.55,123.64,4,244,156.05,52,TRUE,0,0,0,0,0
c181d8ade9a402fb85c6c7202ee06e5e39dac151,1457079831,1,1,1,0,7,5,0,2,0.01,212,18,243,155.16,106,FALSE,0,0,0,0,0
529d89f4fc2cacc523dfaedb18c42db269f48326,1457079020,1,1,1,0,2,2,1,2,0.01,212,17,242,154.17,105,FALSE,0,0,0,0,0
425d93502bd79c9afd67f4ed18fd865cf0b306da,1457078189,1,1,1,0,3,2,0,2,0.02,211,16,241,153.17,104,FALSE,0,0,0,0,0
34222f27e4020ad5bd59e23ee8aa87e5f1899f1e,1457076788,1,1,1,0,2,2,0,2,0,211,15,240,152.17,103,FALSE,0,0,0,0,0
425aefec9f8a94e4e8c9106f947b52ee2a8c609c,1457076718,1,1,0,0,0,0,0,0,0,0,0,239,151.17,102,FALSE,0,0,0,0,0
68a6eb8522612f66b63c08f77d9f2323282e6986,1457076453,1,1,1,0,2,2,0,2,0,211,14,238,150.17,101,FALSE,0,0,0,0,0
ea673057aa9256e269e3b84869556da1a9329713,1457076058,1,1,1,0,2,2,0,2,0.03,211,13,237,149.18,100,FALSE,0,0,0,0,0
03f291177d0c43e9ff71bf9f6ae67f6bc43506e0,1457073343,0,0,0,0,0,0,0,0,0,0,0,236,148.18,0,FALSE,0,0,0,0,0
b17e109eeaf8782a015ff65fea468e3c5662fd05,1457073333,1,1,1,0,143,31,0,2,148.42,99,12,235,147.18,99,TRUE,0,0,0,0,0
6f32ca772b49d58ad00131e37eb612c637ddd234,1457073278,1,1,1,0,1,1,1,1,46.34,20,1,234,146.18,51,TRUE,0,0,0,0,0
62ad1f2b0bc3b32697f55e5829af0c7d774cb541,1457072202,1,1,1,0,0,1,0,1,0.02,4,1,233,145.19,50,FALSE,0,0,0,0,1
e7aa98f9f599581ed012ba77685f0619cc87557c,1457070256,1,1,2,0.734496,3,7,0,1,72.12,197.5,10,232,144.19,49,TRUE,0,0,0,0,0
e2fbc68960ece3301d8f31fb0b45c1831f9a121f,1457070218,1,1,1,0,0,1,0,1,4.08,131,7,231,143.19,48,FALSE,0,0,0,0,0
70417759433e0293f2ffe5ca1e0278945b104ae0,1457070196,2,3,4,0.595781,15,8,0,2,60.24,26.5,1.75,230,142.19,54.5,TRUE,0,0,0,0,1
32080df31b9e93ecfbfe9b4faf58ceec06212ce3,1456967871,0,0,0,0,0,0,0,0,0,0,0,229,141.5,0,FALSE,0,0,0,0,0
6d3d266616e9003b0367302ed372e9b486582f26,1456951274,1,1,0,0,0,0,0,0,0,0,0,228,140.55,98,FALSE,0,0,0,0,0
8d51b68bc4f8423b9ad2198e3abf0bd2ad2a6229,1456947069,0,0,0,0,0,0,0,0,0,0,0,227,139.56,0,FALSE,0,0,0,0,0
a383bd5cf4a5f2d3a4acc54bce7911416dbb5578,1456946886,0,0,0,0,0,0,0,0,0,0,0,226,138.56,0,FALSE,0,0,0,0,0
e23f765cdcc90ad2a526cfa7588c1d3952e8a946,1456944851,0,0,0,0,0,0,0,0,0,0,0,225,137.57,0,FALSE,0,0,0,0,0
ed4a4dc9a930c517b86bced08ed63393dcdfa8cc,1456942561,1,1,1,0,4,1,0,2,25.99,138,43,1,0.93,1,FALSE,0,0,0,0,0
53ddefe8adb9624e3a71e8643fd1c8d81a4331b6,1456829651,1,1,0,0,0,0,0,0,0,0,0,0,0,0,FALSE,0,0,0,0,0
1696d1ca5501314a3dcf97b7ceb761de23861d46,1456778892,1,1,1,0,4,0,1,2,3.11,130,43,1,0.99,1,FALSE,0,0,0,0,0
116f5fca886b5fd9733c1d1548c5f76e220efb21,1456717880,2,2,2,0.6973,20,6,1,2,18.59,127.5,15.5,1,1,0.5,TRUE,0,0,0,0,0
76cb7eeba9c14fec8069eca097bea3cfd21891e2,1456717322,1,1,1,0,7,1,1,1,37.18,132,27,0,0,0,TRUE,0,0,0,0,0
1c32e2ab8d0e65bdb9de40b945497f14f9c4de2f,1456522460,1,1,1,0,2,2,0,2,0.19,135,44,0,0,0,FALSE,0,0,0,0,0
29f5b9b66d2bd7fefa05b4b3dc035bae1e2b5b0d,1456509839,1,1,1,0,1,1,1,1,34.85,130,42,0,0,0,FALSE,0,0,0,0,0
68a45b5e3e6c063018763774e43e7895b3000b07,1456505980,1,1,1,0,3,1,0,2,0,133,43,1,1,1,FALSE,0,0,0,2,0
a63e7cd8ca20b613db4a4b11b664ad67ecc997c2,1456505754,1,1,1,0,3,0,1,1,34.8,130,42,0,0,0,FALSE,0,0,0,1,0
dbd2c11454c07c5040895e4cbfafad0a83095ab7,1456416775,0,0,0,0,0,0,0,0,0,0,0,224,138.1,0,FALSE,0,0,0,0,0
ca0617061e77f8fca502cacd0cced92242b3712e,1456393992,1,1,1,0,14,3,1,1,33.51,130,42,2,1.48,2,FALSE,0,0,0,4,0
1d782c7baf439f775a512db40b61d24a64fdf4de,1456350239,0,0,0,0,0,0,0,0,0,0,0,223,137.29,0,FALSE,0,0,0,0,0
a763c3d28a6bade9932a656afa7c895ff58ca8b6,1455898930,0,0,0,0,0,0,0,0,0,0,0,222,137.61,0,FALSE,0,0,0,0,0
5602a32586d72b3a2a994a9209f28db916cb1640,1455643005,1,1,0,0,0,0,0,0,0,0,0,0,0,0,FALSE,0,0,0,0,0
ddc965831c373c8c38baf7fc3e8b1c6ce85ea904,1455601136,1,1,1,0,3,3,0,1,29.3,34,9,0,0,0,FALSE,0,0,0,2,2
893c061dd60feb6daf31ab18dc0675ca39752c29,1454696818,1,1,1,0,8,0,0,1,13.87,130,42,0,0,0,FALSE,0,0,0,0,0
ca12c058824c480dda7a65ca5aceb395287ca095,1454414965,1,1,1,0,1,1,1,2,49.38,63,15,0,0,0,FALSE,0,0,0,0,0
235f34312ca2aa09e8e3830dd05242fc99169383,1454062521,0,0,0,0,0,0,0,0,0,0,0,221,142.17,0,FALSE,0,0,0,0,0
8cce065414473fe0bf4ffb2da84517e00e854826,1454056370,1,1,0,0,0,0,0,0,0,0,0,0,0,0,FALSE,0,0,0,0,0
e26055a63bbd583021fbf1f383523cea0f8ebf36,1453741581,0,0,0,0,0,0,0,0,0,0,0,220,142.18,0,FALSE,0,0,0,0,0
02a1f2d9a03edbf0a2546bb584ad61213ad465bb,1453740906,1,1,0,0,0,0,1,0,0,0,0,0,0,0,FALSE,0,0,0,0,0
70ef49eeb93b7cdc0e3579a263268ffd64cfa108,1453674450,1,1,1,0,5,6,0,2,31.15,120,40,219,141.39,61,FALSE,0,0,0,0,0
5176623d6c70e9d66c17f7867703a8e9990554bd,1453673904,2,2,2,0.239918,19,6,0,2,6.17,569,22.5,218,140.39,60,FALSE,0,32,20,42,50
3edcfa25b7cda1319e03356a30ceea1b6f9402e7,1453672991,1,1,0,0,0,0,0,0,0,0,0,217,139.4,96,FALSE,0,0,0,0,0
7a16f72895754fda7e80635d5c160357f4a7aaed,1453505274,2,2,2,0.835501,47,3,0,1,3.36,102.5,14.5,216,138.91,53,TRUE,0,0,0,0,0
d31ebc4c508a53facc62da00383a7e88082830c4,1453498844,2,2,2,0.461259,33,3,0,1,0.21,188,25.5,215,137.93,52,TRUE,0,0,0,3,0
c73389e69d5dafddd7dddd43a3c1958c4b0190ec,1453496409,0,0,0,0,0,0,0,0,0,0,0,214,136.94,0,FALSE,0,0,0,0,0
bee0b28fdeaa48971d99e3f652ca4ee0a0c3b330,1453481866,0,0,0,0,0,0,0,0,0,0,0,213,135.98,0,FALSE,0,0,0,0,0
252876c2c0a1976861497a0c315a929a710094ff,1453480781,2,2,2,0.513777,33,0,1,1,44.66,172,24.5,0,0,0,TRUE,0,0,0,0,0
1f2d79038c6ef1ca7904ee41ffe27a3b3a629711,1453427173,1,1,1,0,1,2,1,1,3.32,117,39,0,0,0,FALSE,0,0,0,1,0
ab361ac169bc39524e2b5d9fa1be64a93fef0546,1453423938,1,1,2,1,4,2,1,1,-42.47,154.5,35,0,0,0,FALSE,0,0,0,0,0
a473744e050ebfd0ae785ba16fbd7a5bd264a93d,1453217528,0,0,0,0,0,0,0,0,0,0,0,212,135.77,0,FALSE,0,0,0,0,0
f44d9ce67725234b2afbe10ee4a1a39402e7b8ef,1453215074,2,2,2,0.115431,23,1,1,1,47.01,91.5,14,0,0,0,TRUE,0,0,0,1,0
7ec97dd26b3af7bb0995eef178c4edd8989c3152,1453141119,2,2,2,0.031077,87,76,0,2,34.61,563.5,22,211,135,58.5,FALSE,0,32,24,52,54
6f13a7591ba7c4e2cdfa7ea282c7488df24144ec,1453140250,1,1,1,0,1,1,0,1,0.57,117,38,210,134,58,FALSE,0,0,0,5,1
dea613ae4bbea3ca8cf0fc79cd640e3e90162820,1453093676,0,0,0,0,0,0,0,0,0,0,0,209,133.14,0,FALSE,0,0,0,0,0
71aadd604db0fa706911f6e506a9973750a5d3d4,1453091121,2,2,2,1,2,2,1,1,7.45,116,19,0,0,0,FALSE,0,0,0,4,0
20e724af80c82efced7cd67d451e44c850496f90,1453075857,1,1,1,0,40,14,1,1,118.18,89,2,208,132.19,44,TRUE,0,0,0,2,1
5ac6e8de48cf99b4c06a7a7baf31ca073a4d94b2,1453071769,1,1,0,0,0,0,0,0,0,0,0,207,131.2,94,FALSE,0,0,0,0,0
b9bb6ae7aacc7ec6053ae0551be7a403a33a5b18,1453069750,3,3,2,0.805983,32,3,0,1,16.9,12.5,4,206,130.2,64.3333,TRUE,0,0,0,5,5
be241d55df5cae4c8de75b04b32a06823cfd3d20,1453066546,0,0,0,0,0,0,0,0,0,0,0,205,129.21,0,FALSE,0,0,0,0,0
ef6bfe8cb2d22e691a7f1d3dcd9dc0e1039b9b23,1451819863,1,1,1,0,4,4,1,2,0.01,117,36,4,3.84,1,TRUE,0,0,2,0,0
85a3f7ba829d25aa56bc8bc9b425ebb7871c9e29,1451819331,1,1,3,0.606211,50,0,0,0,0,0,0,3,2.84,0,TRUE,0,1,1,53,17
986647be59259125750fd44dbb429658d67dc156,1451819289,1,2,2,0.428127,29,59,0,2,9.82,73.5,18,2,1.84,0,TRUE,0,1,5,3,0
8425fbe5563f6da0ac0e3bef4215283e870c350f,1451815771,0,0,0,0,0,0,0,0,0,0,0,1,0.84,0,FALSE,0,0,0,0,0
6265b5440953930c8788a090f2e49b84272b0569,1450985990,0,0,0,0,0,0,0,0,0,0,0,204,134.25,0,FALSE,0,0,0,0,0
82847f737ef9d468493720b8bc3664fb0ddc7757,1450982686,2,4,6,0.3842,177,50,1,2,98.48,109.67,13.83,203,133.26,49,TRUE,0,0,2,4,2
cdedbf0bb1a0cfaf11f6c7f714a8df5718523f16,1450975586,0,0,0,0,0,0,0,0,0,0,0,202,132.28,0,FALSE,0,0,0,0,0
0545573798fe9c036bcf8da0a83c4d16c3252b1e,1450958755,1,1,1,0,2,1,0,1,9.37,135,33,1,1,1,FALSE,0,0,2,0,0
ff4b5edcbf29990361725e65adf33662e82959aa,1450958631,1,1,1,0,23,0,0,0,0,0,0,0,0,0,FALSE,0,1,1,0,0
9a5dec2dc5aef6eaa0bc4f72f714656bcf29dac3,1450151012,2,2,2,0.0133356,101,82,0,2,3.36,554,21.5,201,133.77,56.5,FALSE,0,32,26,42,46
f28a4a82487ff00ffd738f730c4e2d84eb44aaa0,1450148817,2,5,15,0.517561,95,93,0,3,103.25,71.8,6.6,200,132.77,73,TRUE,0,0,4,2,4
2b147fb0b7d3f941534f1dfa0269722038fa10ec,1450148776,2,2,2,0.938453,23,0,0,0,0,0,0,199,131.77,47.5,TRUE,0,1,0,0,0
d127adfe00c319c6e292463c0787d8513aff1106,1450130130,0,0,0,0,0,0,0,0,0,0,0,198,130.83,0,FALSE,0,0,0,0,0
0e4b3399c10cbec6c3201e01b8afae6cb1e85c6c,1450127662,1,1,1,0,1,1,1,1,3.04,136,29,0,0,0,FALSE,0,0,0,0,0
714023082fa91d4e04b0fb79de4520e84c23be33,1450123245,1,1,1,0,0,1,0,1,0.02,44,3,197,129.85,40,FALSE,0,0,0,0,0
c1810838c84348ba53653b5bccb1b7bce217908e,1450123170,0,0,0,0,0,0,0,0,0,0,0,196,128.85,0,FALSE,0,0,0,0,0
fd2339cf5cbc71f61cd8459d220c5a4c698e87fd,1450121839,2,2,2,1,2,2,0,1,0.01,90,16,0,0,0,FALSE,0,0,0,0,0
4d408837c17636071bd60aa37aa750d418e31cb9,1450120765,1,1,1,0,2,1,1,1,0,43,1,195,127.86,39,FALSE,0,0,0,0,0
9ede644b98b03a29c66dfd5d90ab3d6a6f64ef5c,1450120617,1,2,4,0.757718,82,81,0,1,2.08,23.75,0.5,194,126.86,38,TRUE,0,0,9,0,0
77b8966b479a150f920cecca2b2a26584bb6430a,1450120571,1,1,1,0,3,2,0,1,4.16,34,1,193,125.86,53,TRUE,0,0,0,0,0
c5665674208e8056c82df0e729eaf652a02df7ac,1450120553,1,1,1,0,1,1,0,1,2.96,136,29,192,124.86,52,TRUE,0,0,2,0,0
f9c46c5c1da731c150febd347708f229e9bc74ab,1449867143,1,1,1,0,34,0,0,1,49.22,41,2,191,124.56,37,TRUE,0,0,0,0,0
4ffeba3cdee37ecc26713c98661de4d4c0caeffc,1449865383,0,0,0,0,0,0,0,0,0,0,0,190,123.57,0,FALSE,0,0,0,0,0
415ff773cc01cd52a9eeafc2c9c28cc0d94f8db3,1449865017,1,1,1,0,1,1,0,1,0.03,136,28,0,0,0,TRUE,0,0,0,0,0
dc1524abf7bc8358aca4db1c5c53007b8ecb6734,1449864159,1,1,1,0,33,0,1,1,268.14,43,4,189,122.57,36,TRUE,0,0,2,0,0
085f95f9ce1955009c49683d517b7f7bdb2597f9,1449862703,1,1,1,0,2,1,0,1,1.18,135,27,188,121.57,51,FALSE,0,0,0,0,0
908d12b8ef41af4de5226b7e88eb971798d99207,1449860950,1,1,2,0.0545004,46,2,0,2,0,532,21,187,120.58,20,FALSE,0,30,20,40,42
f94ea82f93d9f9a5538fc94e69a436bb2e8046e2,1449860768,0,0,0,0,0,0,0,0,0,0,0,186,119.58,0,FALSE,0,0,0,0,0
bce07e53aa681367082ce9f683de366918647cd6,1449860756,2,2,2,0.00810428,293,299,0,2,32.37,535,20.5,185,118.58,54.5,FALSE,0,28,35,64,48
5d9ca93bd31e7274195d23bae46f8b73fb4076b6,1449859551,0,0,0,0,0,0,0,0,0,0,0,184,117.58,0,FALSE,0,0,0,0,0
07b177f3475f6be5935c721c30097e7867bed629,1449859162,1,1,1,0,2,2,0,1,21.85,128,22,183,116.58,50,FALSE,0,0,0,0,0
d81db4ab2b782e9c6b9d89cc242697da2ccb2e42,1449810852,0,0,0,0,0,0,0,0,0,0,0,182,115.7,0,FALSE,0,0,0,0,0
603e7c84a001a754056b7497e9a68a9bc7706877,1449760959,2,2,3,0.214134,64,55,0,3,0.39,73.67,9,5,4.99,2,TRUE,0,0,5,0,0
af170334bdd02e39882a88a7cbd9690d5bc78606,1449760891,2,2,1,0,2,2,0,3,1.17,134,25,4,3.99,2,FALSE,0,0,0,0,0
3138600caf40c6f6c0df56d9b34de80fddd2918a,1449760766,1,1,1,0,34,0,0,0,0,0,0,3,2.99,1,TRUE,0,1,0,0,0
0d8b5b6d94bd3eb249d9a35db96203093606863f,1449660078,1,1,1,0,87,0,0,0,0,0,0,2,2,0,TRUE,0,0,0,0,0
95df032fbd21ddf50e4147ad7a16bb8390423429,1449660067,2,2,1,0,6,6,0,2,49.69,134,24,1,1,0.5,FALSE,0,0,1,0,0
e270c70d4dba6b24263aa298debaa6ca5f92c299,1449654915,1,1,0,0,0,0,0,0,0,0,0,0,0,0,FALSE,0,0,0,0,0
2ab201f049357ea2cb3c8b4286795bafcbf3891b,1448184779,1,1,0,0,0,0,0,0,0,0,0,7,6.66,4,FALSE,0,0,0,0,0
435636c714954b5903c57dae1d7f983dd4585d60,1448178719,3,3,2,0.19991,44,0,0,2,136.32,93,20,6,5.66,3.66667,TRUE,0,0,0,0,0
20a25a278373d2e7c19e3fc5b204cee7e42c4218,1448162993,2,2,2,0.682469,37,0,0,0,0,0,0,5,4.67,3,TRUE,0,1,0,0,0
e253b0ef3ef17d900ec9d1814a4bba8e00c1c70b,1448156462,2,2,2,0.847128,27,0,0,0,0,0,0,4,3.67,2,TRUE,0,1,0,0,0
4bbde9ae6c81a47234c50120efa84d29ff39f771,1448141045,0,0,0,0,0,0,0,0,0,0,0,181,119.02,0,FALSE,0,0,0,0,0
837da5319cf0aa2724ec64400830d1b5ee009bca,1448136158,1,1,1,0,1,1,0,2,0,127,22,13,12.74,6,FALSE,0,0,0,0,0
5c3b144a649ec380d855c823ef130273b12a3232,1448135854,1,1,1,0,1,2,0,2,0.04,128,21,12,11.74,5,FALSE,0,0,0,0,0
0be4467e055fa35cadea1f220191035c5deef353,1448132299,1,1,1,0,1,1,0,2,1.35,128,20,11,10.75,4,FALSE,0,0,0,0,0
729ff051122e328fe34bbad720286b47903f17da,1448131644,0,0,0,0,0,0,0,0,0,0,0,10,9.75,0,FALSE,0,0,0,0,0
7fa69152e952b26c6655a3ee3775b0f90050e5d3,1448047034,1,1,1,0,68,0,0,0,0,0,0,180,118.27,49,TRUE,0,1,0,3,1
54be2807291db6f0f214fb56c35db15618fbeec4,1448047005,1,1,1,0,0,67,1,2,0.87,67,11,179,117.27,48,FALSE,0,1,0,3,1
7da605cf3a469bd0953cc2a27fcbff4e3ab4f123,1448045943,1,1,0,0,0,0,0,0,0,0,0,178,116.27,89,FALSE,0,0,0,0,0
b404124b474ae181842742ebc8f6a6928cdf9e65,1448044668,0,0,0,0,0,0,0,0,0,0,0,177,115.27,0,FALSE,0,0,0,0,0
d1940f52bc05a90507df54771a5331da05b0d3c5,1448044661,1,1,1,0,66,0,0,0,0,0,0,176,114.27,35,TRUE,0,0,0,0,0
b1d919462216c7040a48dd15ac2fa39b4df80df0,1448044610,1,1,1,0,0,65,1,1,0.85,65,6,175,113.27,34,FALSE,0,0,0,0,0
1eac0b1b218748ffa499039a5ca7e6edf1600b36,1448015329,1,1,1,0,1,1,1,2,0.51,128,19,9,8.78,3,FALSE,0,0,0,0,0
b1f2df42a2dff90b9319d9b9c6aaa01a6033b6bb,1448014009,1,1,1,0,1,2,0,3,0,1068,33,8,7.78,5,FALSE,0,0,0,0,0
0dbeea3b6eb1f26395698b4ca2f22b9c7551e947,1448013869,1,1,1,0,2,1,0,3,0.01,1067,32,7,6.78,4,FALSE,0,0,0,0,0
4db0578fa29ccd872c583d7b5a0d6f3cb27a86af,1448013352,1,1,1,0,1,1,0,3,18.17,1067,31,6,5.78,3,FALSE,0,0,0,0,0
17c1cb92e28ebb704f432ee18968a42de0ab63d5,1448013102,0,0,0,0,0,0,0,0,0,0,0,5,4.78,0,FALSE,0,0,0,0,0
e5e14daab6f643b7ed95d01e6ebb4713ae9f3691,1448013064,0,0,0,0,0,0,0,0,0,0,0,4,3.78,0,TRUE,0,0,0,0,0
433dd0d0371a2fdc4903aabf1d41c9dd1615b6dd,1447972678,0,0,0,0,0,0,0,0,0,0,0,174,112.45,0,FALSE,0,0,0,0,0
ae3adcd28b71ec235003997d16e50710a317efea,1447972375,0,0,0,0,0,0,0,0,0,0,0,173,111.45,0,FALSE,0,0,0,0,0
cd2567cd793df0d22bc8eade51c8c85b08e6af1a,1447972342,0,0,0,0,0,0,0,0,0,0,0,172,110.45,0,FALSE,0,0,0,0,0
02a93330edcd5bcfc20172e744ab1c828760ad71,1447972325,0,0,0,0,0,0,0,0,0,0,0,171,109.45,0,FALSE,0,0,0,0,0
2781ff650c49debcb73c6f7821614aab392bd2f1,1447972119,0,0,0,0,0,0,0,0,0,0,0,170,108.45,0,FALSE,0,0,0,0,0
3d65057d7111d7873cf4fad40805cd9ebe327574,1447971527,2,3,9,0.347255,146,126,0,2,58.63,51.44,3.78,169,107.45,40,TRUE,0,2,17,8,0
2e4c9285d77f16a8a92019ceb99e61c41ae5974a,1447855458,1,1,1,0,1,1,0,1,33.94,103,17,0,0,0,FALSE,0,0,0,0,0
32dfc1d9e06b76663107a385c9d96c3c8fd11628,1447324447,1,1,1,0,24,0,0,1,238.47,43,3,2,1.93,0,TRUE,0,0,0,0,0
b3a4ff03e27fde35ba666c0c8b16b6505d906ff6,1447323417,1,1,1,0,18,2,0,1,27.78,103,17,1,0.93,1,TRUE,0,0,0,0,0
cf192f495e84c36c255474cbb09f37af6391bd99,1446807381,2,2,1,0,2,2,0,1,21.81,103,17,0,0,0,FALSE,0,0,0,0,0
677e63aa5562fc2db5223d94744d1f884506f45e,1446443666,1,1,1,0,2,1,0,3,3.82,1010,30,3,2.97,2,FALSE,0,0,0,0,0
a768ac07cdd228b46c8c26536bcad51193cdfb4b,1446113445,2,2,3,0.010376,4,1016,0,3,0.12,717.33,16.33,2,2,1.5,FALSE,0,26,24,136,72
44cccc450cd76862ed21449cd18bbb7820008ca1,1446103750,3,4,4,0.482452,4,8,0,3,0.01,129.5,11.5,1,1,1,FALSE,0,0,0,0,0
a59bc8d2ae218484cdcb1d7e6a295a4ff93225a1,1446103297,5,7,7,0.0470222,1199,194,0,2,75.52,237.86,10.29,0,0,0,TRUE,0,28,22,152,74
affe3aaa9a3673f58d8e521dc7d3875fd64c1c97,1446065570,0,0,0,0,0,0,0,0,0,0,0,168,111.02,0,FALSE,0,0,0,0,0
ed4a39a5c18646cf5bac2fdf4346f8263ceb6f2d,1446061145,0,0,0,0,0,0,0,0,0,0,0,167,110.03,0,FALSE,0,0,0,0,0
a090b052200b88c3c6bdf62d20a0e7c62ab029e6,1446027971,0,0,0,0,0,0,0,0,0,0,0,166,109.11,0,FALSE,0,0,0,0,0
d6bcd62e4b2c54cd79b854e7b8e24eb48772e1de,1446027940,1,1,1,0,5,1,0,2,4.78,110,33,1,0.96,1,FALSE,0,0,0,0,0
7843bfdfdabf086076d09562bf0e8aaeb8ac1fba,1446014654,1,1,0,0,0,0,0,0,0,0,0,3,2.91,2,FALSE,0,0,0,0,0
11c12b2c65cecfd9f0ef17a7392177bdc8f6df90,1445978882,0,0,0,0,0,0,0,0,0,0,0,165,108.23,0,FALSE,0,0,0,0,0
68b1b37fd7260b31a213596a6b89c1e759cd1db8,1445978601,0,0,0,0,0,0,0,0,0,0,0,164,107.23,0,FALSE,0,0,0,0,0
4d432cf113c0ea79079bd5fb68d86a926c606ead,1445978290,0,0,0,0,0,0,0,0,0,0,0,163,106.23,0,FALSE,0,0,0,0,0
4fc70c9108217c2f9759bd0939a7eeb1bffc26ff,1445978242,0,0,0,0,0,0,0,0,0,0,0,162,105.23,0,FALSE,0,0,0,0,0
775ca3e732935f2c562a232e4c64ad8fbc491647,1445875827,1,1,1,0,6,0,0,1,-148.1,145,32,0,0,0,TRUE,0,0,0,0,0
025620a895ba24254c14b60f70adcc42b0cc0e62,1445852373,1,1,1,0,3,0,0,1,129.2,41,4,0,0,0,FALSE,0,0,0,0,0
4ac0fbd1c1dc0c5f9ac290b635d6eee3783e355b,1445614846,3,4,3,0.655459,5,5,0,3,19.96,69.33,11,2,1.95,1,TRUE,0,0,0,0,2
96afe324b345f1f5b0ae92a5bbd6aed1780b33f5,1445566327,0,0,0,0,0,0,0,0,0,0,0,1,0.95,0,FALSE,0,0,0,0,0
19cbca0c714d06fe26e521759ceec27f4dda396a,1445366996,1,1,1,0,10,1,0,1,-30.15,119,21,1,1,1,TRUE,0,0,0,0,0
32a904394fb7596cee9342816b7d570fcc29a447,1445366539,1,1,1,0,9,2,0,1,-32.06,127,23,0,0,0,FALSE,0,0,0,0,0
84a0ddecd479d667fb8a23bc2041cde386b51b4c,1444922918,1,1,1,0,5,1,0,1,70.84,99,16,0,0,0,FALSE,0,0,0,1,0
1e2cb9bdca0e19298aa7c242a7db4b45427967ea,1444756498,2,2,3,0.479739,31,66,1,2,71.17,141,13.33,0,0,0,TRUE,0,0,2,3,4
84027a31b4b4232ddcfce2bbb927a675f70c7fd1,1444617334,0,0,0,0,0,0,0,0,0,0,0,161,107.45,0,FALSE,0,0,0,0,0
2e0a76511a74591b461af58dc063e3cb5bfe3ccd,1444615722,1,1,0,0,0,0,0,0,0,0,0,0,0,0,FALSE,0,0,0,0,0
fcd2121c8b7eb1338c44af4b4ecc16af4e32869f,1444250195,1,1,2,0.141182,14,6,1,2,156.95,45.5,5,160,107.35,88,TRUE,0,0,0,0,0
b10874fa67ed77dd6ecbe1fd1f6eb2045ce9854f,1443890296,3,4,3,0.728724,110,19,0,2,60.76,39,10.67,0,0,0,TRUE,0,0,0,0,12
14ede9e18efe0330d0c9f7795567563e939be1bd,1443864289,3,4,4,0.204815,43,26,0,2,63.67,80,7.75,1,0.86,0.333333,TRUE,0,0,0,6,2
4f732e8caabce9c9a48bf95d8a2e9869d5507aeb,1443509011,1,1,1,0,1,1,0,2,102.16,88,15,159,108.17,87,FALSE,0,0,0,0,0
e8136b1f746d87d9ac620cb50c26722db555169a,1443508695,2,2,2,0.0308774,107,57,0,2,7.43,510,17,158,107.17,52,FALSE,0,26,19,50,45
87d83646759593a77802caf2e6805db5827336cd,1443507328,1,1,0,0,0,0,0,0,0,0,0,157,106.18,85,FALSE,0,0,0,0,0
219a1c29aba0d29d2f1898578ca9e354ae44642d,1443506640,2,2,2,0.550159,21,4,0,2,0.22,131.5,19.5,156,105.18,39,TRUE,0,0,0,0,0
b92fa960262b74a14ecc24598ee68bc58d86979b,1443505880,1,1,0,0,0,0,0,0,0,0,0,155,104.18,84,FALSE,0,0,0,0,0
256c5a6555c786bfe05f4881faf8000efae96288,1443505790,1,1,0,0,0,0,0,0,0,0,0,154,103.18,83,FALSE,0,0,0,0,0
b689bde4dda853c0128e8b0f749476e60c601a22,1443505572,1,1,0,0,0,0,0,0,0,0,0,153,102.18,82,FALSE,0,0,0,0,0
76ab0ae1a794aac9b06217af935c72281c0e7c30,1443504703,1,1,0,0,0,0,0,0,0,0,0,152,101.18,81,FALSE,0,0,0,0,0
915bef962dfbe1f7ea22560599d4b8bed7daee4c,1443504674,1,1,0,0,0,0,0,0,0,0,0,151,100.18,80,FALSE,0,0,0,0,0
95f0f00c778ea503b94dd07c2eec91f2b5b5bb43,1443487220,2,2,2,0.61672,20,0,1,2,35.79,121.5,19,150,99.22,38,TRUE,0,0,0,1,1
eca2ac88ebd28db1ebff3757574974a6fcdd0bf6,1443486850,0,0,0,0,0,0,0,0,0,0,0,149,98.22,0,FALSE,0,0,0,0,0
6aa766e5e92688dc8946902907dbcd3ee9278767,1443486826,1,3,4,0.549534,48,7,0,2,116.28,106.25,4.75,148,97.22,44,TRUE,0,0,2,3,6
a9d2f84a620f5b5d253feda58b0e1269978bf16b,1443369609,0,0,0,0,0,0,0,0,0,0,0,147,96.47,0,FALSE,0,0,0,0,0
d9835663bfd7ec2605495d7b56a7d84c94fa2f52,1443369307,1,1,0,0,0,0,0,0,0,0,0,0,0,0,FALSE,0,0,0,0,0
67a0fc3978f4cd787926235bef79a3054b2da786,1443122893,0,0,0,0,0,0,0,0,0,0,0,146,96,0,FALSE,0,0,0,0,0
1ccd4161c7b525bb5efb444232ffe7f15c590d60,1443120821,1,1,1,0,1,0,0,2,2.85,80,28,0,0,0,FALSE,0,0,0,0,0
39c75a47e1cae15221e0e008894ee6cf4d9e9521,1443031207,0,0,0,0,0,0,0,0,0,0,0,145,95.19,0,FALSE,0,0,0,0,0
c221d039a91e14057f11e5c7a5e1e21fcddae5ec,1443031161,1,1,0,0,0,0,0,0,0,0,0,144,94.19,79,FALSE,0,0,0,0,0
68867fba55761e4f891fdf4c7bceffe9192087ca,1442875517,0,0,0,0,0,0,0,0,0,0,0,143,93.51,0,FALSE,0,0,0,0,0
2a6d7c2a38f2f77980e1c65a04ac4d1abf7cf9a4,1442875446,0,0,0,0,0,0,0,0,0,0,0,142,92.51,0,FALSE,0,0,0,0,0
c573a12b748dd50456e27bbf1fd3e6561cb0b3d2,1442874300,1,1,1,0,1,1,1,2,94.73,80,27,141,91.51,43,FALSE,0,0,0,0,0
f18f12250dcc5f2703922bd65cb20247ba4ee5b8,1442874087,1,1,0,0,0,0,0,0,0,0,0,140,90.51,78,FALSE,0,0,0,0,0
9bf29e1c730da39d2b7ddb64dd0e32ed5c79a2ed,1442873871,1,1,0,0,0,0,0,0,0,0,0,139,89.51,77,FALSE,0,0,0,0,0
5eac34f1cd147f4f5c9d4072370197d62ade7eb8,1442873854,1,1,1,0,1,1,1,1,166.12,37,1,138,88.52,3,FALSE,0,0,0,0,0
cd0cd1805434dea0d250d195a466a1236b98e502,1442866835,2,2,8,0.182371,292,5294,0,2,166.06,752.75,4.12,137,87.53,46.5,FALSE,0,116,58,398,190
2936cdce1415b684b86247e60e2d5f8a3f5daf5b,1442865515,2,2,2,0.251463,0,18,0,1,128.29,108,6.5,136,86.53,36,FALSE,0,0,0,0,0
23abc2a5e48db98b89b413905ed9bf71dc8a92ac,1442864691,1,1,0,0,0,0,0,0,0,0,0,135,85.53,75,FALSE,0,0,0,0,0
a130e787c3bb872cff9350ed22cbfa35d3a47b75,1441215807,2,3,3,0.314685,22,6,0,2,167.86,46.33,3.33,0,0,0,TRUE,0,0,0,0,0
381ae95a1b5503e710133c84525a33cbbb2a2355,1441197221,1,1,0,0,0,0,1,0,0,0,0,0,0,0,FALSE,0,0,0,0,0
4e58dd660eddb077b7ae2fdf64ebd62a0cddd586,1439255039,0,0,0,0,0,0,0,0,0,0,0,134,91.5,0,FALSE,0,0,0,0,0
92961761138f13967127ace12818dd807f9f49ef,1439254774,1,1,0,0,0,0,0,0,0,0,0,133,90.5,74,FALSE,0,0,0,0,0
e633c4d01d0e2f3f7fe950e691f8fb2c3502fb04,1439254774,1,1,0,0,0,0,0,0,0,0,0,132,89.5,73,FALSE,0,0,0,0,0
11c0b0aa10dd5f9580e31cda7637f869e7d1ef77,1438801996,1,1,1,0,2,1,0,1,47.66,93,14,0,0,0,FALSE,0,0,0,0,0
8c1694e821bcee2d7968612b1a75e1b49c8092a9,1438787755,0,0,0,0,0,0,0,0,0,0,0,131,89.45,0,FALSE,0,0,0,0,0
613546d3bc0de0652c897c5496c58a8169a44677,1438699829,1,1,0,0,0,0,1,0,0,0,0,0,0,0,FALSE,0,0,0,0,0
261e41644dcb4c3c4dcc4b695635b8f7b447fe70,1438278893,3,3,2,0.925787,17,2,0,1,110.88,76,6.5,0,0,0,TRUE,0,0,0,3,0
e9f212325e972a7026b906c8710b2b825bd6e48f,1437680990,0,0,0,0,0,0,0,0,0,0,0,130,90.73,0,FALSE,0,0,0,0,0
3c4dfe8a8112d685e0cdaf8d96c18e0258b8b129,1437669599,2,2,2,0.600605,33,2,0,2,68.17,95.5,10.5,129,89.76,35,TRUE,0,0,0,1,0
3b10b6a6c57d11fabb19ea8fcbdaea84c88cf0e1,1437667696,0,0,0,0,0,0,0,0,0,0,0,128,88.76,0,FALSE,0,0,0,0,0
63ac064c8894ce9b1aefb7835523791d93051330,1437667644,0,0,0,0,0,0,0,0,0,0,0,127,87.76,0,FALSE,0,0,0,0,0
72fc02f2a501a8345e80f2652fafa6ddb07cacca,1437653954,1,1,1,0,1,1,0,2,10.19,26,6,1,0.97,1,FALSE,0,0,0,3,3
2209226c7c69b7cb1ded9f84d2bfdcd6034a01f6,1437641352,1,1,1,0,1,1,1,3,0,59,8,2,1.87,2,TRUE,0,0,0,0,0
f44597e38b5a9df0e7f28ea3eb2d62930fbbd74b,1437641181,2,2,2,0.405639,5,3,0,3,56.88,52.5,4,1,0.87,1,TRUE,0,0,0,0,0
183e59211d6f7d700de9b544b3956c3aaa8007b0,1437632581,0,0,0,0,0,0,0,0,0,0,0,126,86.83,0,FALSE,0,0,0,0,0
4f1101fe4bc950f207d720f572916d85b6e5baed,1437452265,2,2,2,0.734496,19,1,1,2,124.21,132.5,4.5,0,0,0,TRUE,0,0,0,2,1
ca42bb1d2a93d20c234eb1c9ab998aea062f83f8,1436773347,1,1,1,0,1,1,0,1,116.35,26,5,0,0,0,FALSE,0,0,0,2,2
58a35df2bd61d2bc6bc2795879c770a3ec92edca,1434691166,1,1,0,0,0,0,0,0,0,0,0,123,90.04,70,FALSE,0,0,0,0,0
34ce57ade8853a1a251d3664a1f2b66e15c5fdcf,1434691166,1,1,0,0,0,0,0,0,0,0,0,124,91.04,71,FALSE,0,0,0,0,0
b7b0b5d6f52a4a1d382cba757f4b59ec2dbac4f8,1434691166,1,1,0,0,0,0,0,0,0,0,0,125,92.04,72,FALSE,0,0,0,0,0
0f02a5a51f73c138fae1655e071c83838a785610,1434690956,1,1,0,0,0,0,0,0,0,0,0,120,87.04,67,FALSE,0,0,0,0,0
f8fbd6ed4e35f8d1e84e80c66315eaf5b2b6ce97,1434690956,1,1,0,0,0,0,0,0,0,0,0,121,88.04,68,FALSE,0,0,0,0,0
1d3dbd66bc3fd5d10d1d784115d853718045aa87,1434690956,1,1,0,0,0,0,0,0,0,0,0,122,89.04,69,FALSE,0,0,0,0,0
ebeb2221d9533c902c6613b77197df63fb90570b,1434689593,1,1,1,0,34,53,0,1,92.13,60,3,118,85.05,65,FALSE,0,0,0,0,0
2abe8eb04ecbe8370c42d1c98a37396f651a2317,1434689593,1,1,1,0,34,53,0,1,92.13,60,3,119,86.05,66,TRUE,0,0,0,0,0
8df6b4cb1b47145b012d5c4f9df05d5d9e848d9b,1434689593,1,1,1,0,34,53,0,1,92.13,60,3,117,84.05,64,FALSE,0,0,0,0,0
e49237ce01cda1a36cd71d0bed636a2dc344dcb9,1434689376,3,3,2,0.127043,1,10,0,2,71.34,79,14,116,83.05,43.6667,FALSE,0,0,0,1,1
c42b0ae438fe8bb4d0223b1888dd6818a836e555,1434689376,3,3,2,0.127043,1,10,0,2,71.34,79,14,114,81.05,41.6667,FALSE,0,0,0,1,1
e8cf487ad0f5386313dd13f4914c8e49d4272fa4,1434689376,3,3,2,0.127043,1,10,0,2,71.34,79,14,115,82.05,42.6667,FALSE,0,0,0,1,1
5f5af9c6337f79a08d26b68c063192f36ff848da,1434686302,0,0,0,0,0,0,0,0,0,0,0,113,80.05,0,FALSE,0,0,0,0,0
ffc0237a175b825b28c90dae221af2216309e52f,1434686182,1,2,3,0.639759,10,0,0,2,10.91,87.33,9.33,112,79.05,37,FALSE,0,0,0,0,0
1695f5cffe557381cea3b73268fff6f688c5934d,1434686182,1,2,3,0.639759,10,0,0,2,22.43,84.67,9,110,77.05,35,FALSE,0,0,0,0,0
cc451b38c159841a283067a57220c0e6e985a139,1434686182,1,2,3,0.639759,10,0,0,2,10.91,87.33,9.33,111,78.05,36,FALSE,0,0,0,0,0
db85c7bf3ae19d680f5c16cd85d06c5e11fedc5f,1434683986,1,1,1,0,5,1,1,1,92.17,89,13,109,76.06,34,FALSE,0,0,0,0,0
8365cbb78943ba6ddd984722a2800c3555d9da01,1434683249,2,3,2,1,2,2,0,2,81.75,37,6,108,75.06,46.5,FALSE,0,0,0,0,0
f2105140eeb08a2ef1336d969c47ca6aacae16f1,1434682189,1,1,1,0,5,0,0,2,92.12,84,9,107,74.06,59,FALSE,0,0,0,0,0
0424d8c2bf1649a861f0d47f28c79f92718df87a,1434682148,1,1,1,0,1,1,1,2,92.42,88,14,106,73.06,58,FALSE,0,0,0,0,0
594df987f279ff423b82e96f0aa5fa6ef9bde959,1432726354,2,2,2,0.47756,6,1,1,2,69.51,50,3.5,0,0,0,FALSE,0,0,0,0,0
1629a026da17a1e1d8999a02f3fe6b6b60aaac9c,1428876452,2,2,3,0.17435,127,98,0,1,16.72,107.67,5.67,105,83.02,28.5,TRUE,0,0,0,0,0
a517a239823bfcbf0a22f4a779aee025d478c88a,1428875601,1,1,1,0,25,0,0,1,25.21,98,4,104,82.02,24,TRUE,0,0,0,0,1
87427d37e7da14c35e0d68ffa43685da8f2c85a6,1428525881,2,2,3,0.245148,0,54,0,2,21.07,80.33,9,102,80.77,26,FALSE,0,0,0,0,2
a7caa97caa1a8680fd23dfe517e1649ec93b7a72,1428525881,2,2,3,0.245148,0,54,0,2,21.07,80.33,9,101,79.77,25,FALSE,0,0,0,0,2
0e33680f400a135e80530b1b48e9e4ebff0376f1,1428525881,2,2,3,0.245148,0,54,0,2,21.07,80.33,9,103,81.77,27,FALSE,0,0,0,0,2
989b4cfcec51ab64ac98669e61e3261a72995a28,1428525881,2,2,3,0.245148,0,54,0,2,21.07,80.33,9,100,78.77,24,FALSE,0,0,0,0,2
fe30d7818f26c20b4afe8fbf37bf3517cf20ab2a,1428523001,1,1,0,0,0,0,1,0,0,0,0,99,77.77,57,FALSE,0,0,0,0,0
781df7045efe4be3fa2b26cfe68c59787594601a,1428522674,1,1,1,0,26,4,0,1,0.02,115,1,98,76.78,2,FALSE,0,0,1,0,0
4ad5438f6103d6314a4ab237b02b6a0303876375,1428521083,2,8,10,0.347659,241,14,0,2,32.23,19.2,0.2,97,75.78,28.5,TRUE,0,0,0,3,0
8a4e502e3a76b8e41b2f896e05b92db3c0f543f7,1428518918,2,2,8,0.859808,22,10,0,2,0.66,751.25,4,96,74.78,35.5,FALSE,0,108,56,296,176
42fc3954d2acd0d9366afa03dd0add0fbe44d42c,1428518763,1,1,1,0,3,0,1,2,0.66,49,10,95,73.78,27,FALSE,0,0,0,0,0
36a7a7b4f460e8933813e47c939ad8dfb6169912,1428512175,1,1,1,0,1,1,1,2,0.6,57,7,94,72.8,26,FALSE,0,0,0,0,0
9d31a867166e9224f0c5168d84560abe85868404,1428462000,2,2,8,0.317444,298,226,0,2,25.16,742.25,3.88,93,71.89,34.5,FALSE,0,108,80,304,176
f96b49bec4a9840eb3382c1c67212fcf95e033c0,1428461645,0,0,0,0,0,0,0,0,0,0,0,92,70.89,0,FALSE,0,0,0,0,0
9ddb607e3fb9238d9f302a6e0197224ec806ee86,1428461626,1,1,1,0,2,4,0,2,20.15,51,9,91,69.89,25,FALSE,0,0,0,0,0
25916e5f337678b7045544515f0be2d1db607096,1428460802,1,1,1,0,39,24,0,1,20.04,30,3,90,68.89,53,FALSE,0,0,0,0,0
5a32ef9b805e249407d3e7b32a1a3c9466e3ef4f,1428460707,2,2,2,0.35218,7,2,0,2,20.14,50,3.5,89,67.89,21.5,FALSE,0,0,0,0,0
34dc46f8aa53087379895b3f6a9f847e6768a51d,1427161975,0,0,0,0,0,0,0,0,0,0,0,88,69.16,0,FALSE,0,0,0,0,0
145ecca1fb2e3d8bf1eef1ee5c9df20398a3d248,1427129735,1,1,0,0,0,0,0,0,0,0,0,0,0,0,FALSE,0,0,0,0,0
5ab9c2f05e193ad9c87077b805538ffa65c26d96,1426729167,1,1,1,0,5,5,0,1,5.1,60,2,87,68.93,52,FALSE,0,0,0,0,0
dde87076ecf273f7b470f3bf905fd5659958331f,1426723081,1,1,1,0,5,0,0,2,0.03,79,8,86,67.94,51,TRUE,0,0,0,0,0
f9a2c7e8b882cf2282163d7745c8b452208d7d6a,1426720928,1,1,1,0,0,2,1,1,0,28,4,85,66.95,23,FALSE,0,1,0,0,0
60a82ef4245708fdb25cc8e6e71d8bc2798debb8,1426720875,2,5,14,0.683232,29,44,0,2,1.13,65.14,3,84,65.95,36,TRUE,0,51,0,0,0
fc12b933f729f236b2149872c42961a8626dafb7,1426720371,2,8,19,0.484255,264,260,0,2,70.71,23.84,1.11,83,64.95,33.5,TRUE,0,0,6,0,10
b745600ab7aa9c902e615d10e98778bd695e7988,1426697106,2,2,10,0.72641,27,5,0,3,33.61,101.6,2.9,82,63.99,32.5,TRUE,0,0,0,0,0
dfa816df9bf57f20ec5288408511810df6b458d3,1426655252,1,1,1,0,22,1,0,2,176.51,39,3,81,63.05,16,FALSE,0,0,0,0,0
a3bf7e981d14e78a4d3807954eeb645d697ca95d,1426634108,1,1,0,0,0,0,0,0,0,0,0,80,62.09,47,FALSE,0,0,0,0,0
ce03103da4fb30642a5162a69daf08ef7b69a060,1426632990,1,1,1,0,7,2,0,2,53.54,68,5,79,61.09,46,FALSE,0,0,0,0,0
a98c61f458036d28c66c676788bd22f7c7c3c7d5,1426623266,2,5,15,0.543762,116,79,0,2,86.42,64.2,3.47,78,60.1,33,TRUE,0,47,7,2,0
7387829d33bc08b805477acdb24e1acaaf597f42,1426288605,1,1,0,0,0,0,0,0,0,0,0,77,59.61,44,FALSE,0,0,0,0,0
bc49510b64a997b323d4d7f28add48c85aaea03b,1426288560,1,1,0,0,0,0,0,0,0,0,0,76,58.61,43,FALSE,0,0,0,0,0
2ce5aa77df30369960924ee70956f6ac0d37a1aa,1426288421,3,3,9,0.274141,123,238,0,2,2.76,672.67,3.33,75,57.61,23.6667,FALSE,0,76,120,332,200
dd2aa791e612a5ea4122e5f7be1420d3bf98c0a7,1426288102,2,2,2,0.47756,0,7,0,1,49.6,46.5,1,74,56.61,30.5,FALSE,0,0,0,0,0
69af75623c864ed477230d1c9978e71e2467844f,1426288072,2,2,3,0.0750041,34,0,0,1,26.87,123.33,6.33,73,55.61,16.5,FALSE,0,0,0,0,0
f002d5abd50ea3ca6eb72fdcd6fbadb1f7c142e9,1426197153,1,1,0,0,0,0,1,0,0,0,0,72,54.74,40,FALSE,0,0,0,0,0
c899c8742f6fd3af7987ee4489d0eb683ab788b0,1426196484,1,1,0,0,0,0,0,0,0,0,0,71,53.74,39,FALSE,0,0,0,0,0
6c52a82a9d6adb1c3a5be8d859b4e1d5f8bc3e91,1426048474,1,1,0,0,0,0,0,0,0,0,0,70,52.94,38,FALSE,0,0,0,0,0
571554151d558e0e08b5706a9a9e649b94c0aeef,1426021917,1,1,1,0,0,3,0,1,21.18,186,7,69,51.97,13,FALSE,0,0,0,0,0
bd5d9b7258dd27648caddeba8259a4ed020b6724,1426020389,2,2,8,0.584884,70,30,0,2,46.44,751.75,3.62,68,50.97,25,FALSE,0,76,120,348,216
8fded1802b1289e212c6ef6d9d015e3587253e94,1426019449,1,1,1,0,8,1,1,2,46.44,101,22,67,49.97,18,FALSE,0,0,0,1,1
6d03e0bd4ebe5ac2f0d7f2bac88a3c8d262ccaf7,1426019323,2,2,2,0.611798,18,5,1,2,166.49,134,3.5,66,48.97,14.5,TRUE,0,0,0,5,4
ace6a04671a2ec893cad1f05300b85b6dff5ddf2,1424192111,1,1,1,0,3,4,0,1,0.36,187,6,65,50.21,11,TRUE,0,0,0,0,0
0438dd3bac718f1332073b72b4cd3401d3181caa,1424160699,2,2,6,0.466229,401,517,0,2,56.19,152.33,1.5,64,49.25,23,TRUE,0,0,0,0,2
7efc095582b51ef5e513b4076cb504ce35cefd68,1422951878,2,6,5,0.772269,166,82,0,1,31.49,16.4,0.4,63,49.77,0,FALSE,0,0,0,0,0
e880940099bce2edca9e17fbb5cff16d445fc896,1422943869,1,1,1,0,0,1,0,1,0.05,44,1,62,48.78,9,FALSE,0,0,0,0,0
0412c7666e72f17e5359a1106f20b79e59f1b3c1,1422939858,2,2,2,0.229363,48,4,1,1,55.26,43,4.5,61,47.79,12,TRUE,0,0,0,0,0
59093a9c610f3309fa20ffc3c57c8da71dd7ca2f,1422936728,2,2,2,0.102841,39,1,0,1,35.45,134.5,4.5,60,46.79,11,TRUE,0,0,0,2,0
d27cef35ba699508055dbddeb635bce954ba5fff,1422223256,0,0,0,0,0,0,0,0,0,0,0,59,46.64,0,FALSE,0,0,0,0,0
21f4a7f544d50b371327754d706955b1373ee73a,1422187222,1,1,1,0,2,2,0,1,45.99,100,6,1,0.79,1,TRUE,0,0,0,1,0
fa6c26a0e5eaad5d58071eb39d7afff0c7dc051c,1422007884,2,2,8,0.159686,3026,1894,0,2,43.12,610.25,3.5,58,45.9,23.5,FALSE,0,120,152,506,264
a9bcc8f4190a6d37a14a2d9d6d479c063994d9bb,1422006802,2,2,2,0.310917,3,2,0,2,25.75,84,11.5,57,44.9,24,TRUE,0,0,0,0,0
59763d398949f2cf5051da45e48ac6c4308f652a,1422004368,1,1,0,0,0,0,0,0,0,0,0,56,43.9,33,FALSE,0,0,0,0,0
b4d81bd1246e780172b2c5685d6717129fd8f68e,1422004348,1,1,1,0,8,1,0,2,122.67,45,3,55,42.9,13,TRUE,0,0,0,0,0
bbf437ce4c4115b24b7be575fbb1a74c45e616c8,1422004317,1,3,4,0.391881,57,32,0,2,0.01,44.25,5,54,41.9,12,TRUE,0,3,0,6,4
9e3830cf9229325240df60b5e6a6d70076645102,1422001974,2,3,3,0.847017,110,24,0,3,31.75,145.33,6.67,53,40.9,8.5,TRUE,0,0,0,1,0
7b05902b3cfe1f8eb73ee40465d89d4dd3d70078,1422001745,1,1,2,0.989024,66,65,0,2,21.53,74,5.5,52,39.9,32,FALSE,0,0,0,0,0
2d5250ce0ae02ee9f6412f776690d8b99f11fb1e,1418281885,2,2,8,0.315942,341,119,0,2,61.42,582.5,3.38,51,42.9,21,FALSE,0,88,104,258,178
d65f9f7eea5f491e72932faa8f62780d45175fad,1418280785,0,0,0,0,0,0,0,0,0,0,0,50,41.9,0,FALSE,0,0,0,0,0
1b2cc9ffe34643333a3d4a6f2fda88bd7db49663,1418280700,1,1,1,0,6,4,1,2,22.33,146,10,49,40.9,30,FALSE,0,0,0,0,0
32ca449939ee60786589efef0cca580618b43bb3,1418226581,0,0,0,0,0,0,0,0,0,0,0,48,39.96,0,FALSE,0,0,0,0,0
ecd9f7391c938500b27b1464863e7da01f35b089,1418215031,1,1,2,1,2,2,1,2,7.58,195,1,1,1,0,TRUE,0,0,0,0,0
4f34f61b701f537bc77bfcbc31cafe3e29b0c133,1418214019,1,1,1,0,1,1,1,1,48.56,100,5,0,0,0,FALSE,0,0,0,0,0
b9fb9fec49b1f63bd5ed166eea6bd84df8db5209,1418066868,0,0,0,0,0,0,0,0,0,0,0,47,39.13,0,FALSE,0,0,0,0,0
eba892d9baa023ca55a39f2e32de662515d96e11,1417847118,1,1,0,0,0,0,0,0,0,0,0,46,38.36,29,FALSE,0,0,0,0,0
738af701bb39aba951a502e527372a97be1bc254,1417563172,0,0,0,0,0,0,0,0,0,0,0,45,37.65,0,FALSE,0,0,0,0,0
5bb39f32796af51eba9c01f5bc5be5d88e8c340f,1417560319,3,3,8,0.3438,680,168,0,2,62.72,65.62,2.75,0,0,0,TRUE,0,0,0,4,6
7753adde2cf573bfd1a898a2e690b5cc630f83a9,1416351184,2,2,1,0,12,2,0,2,43.96,136,9,0,0,0,FALSE,0,0,0,0,0
d93df704a269d3cbf8f00bcd4b2b2489d5b74f49,1415123266,0,0,0,0,0,0,0,0,0,0,0,44,39.25,0,FALSE,0,0,0,0,0
2f4d0b8b45dbb766a3348200fdff02ee00d9d6c0,1414018165,1,2,2,0.438746,15,0,0,2,30.24,149,3.5,0,0,0,TRUE,0,0,0,1,0
789baf3a58b717e270ded37d4416ae25a650d99d,1413397056,2,2,4,1,4,4,0,2,9.77,3,5.75,43,40.27,19,FALSE,0,0,0,0,0
7e422d1463118f938f1addfca2efb35905bc8644,1413396626,1,1,0,0,0,0,0,0,0,0,0,42,39.27,27,FALSE,0,0,0,0,0
5fce14d9ec99d0b70dc0b15776ec0a70880a98cb,1413390580,1,1,1,0,5,0,0,1,22.97,81,8,41,38.28,10,TRUE,0,0,0,0,0
1d6430f667486ca9de390ccec242114b36c41377,1412553177,2,2,8,0.175876,1871,90,0,2,9.33,359.88,3.12,40,38.25,17.5,FALSE,0,88,104,262,158
e0b1bb6d0ba9c4175ccf895f65823605368cdf53,1412552740,1,1,1,0,1,1,0,2,7.07,136,8,39,37.25,25,FALSE,0,0,0,0,0
ede39aaea9a57c61063678ab6463e385aae301ee,1412551645,1,1,1,0,72,0,0,0,0,0,0,38,36.25,5,TRUE,0,0,0,0,1
e3308899d3f5adc25eb29ef4fba9a7cd6ec4bb8d,1412088936,1,1,1,0,14,5,0,2,17.85,164,3,37,35.77,1,FALSE,0,0,0,0,0
8c3fc8fa8a7427613165af6fc9542c0cc4ff09b7,1412052109,1,1,0,0,0,0,0,0,0,0,0,36,34.81,24,FALSE,0,0,0,0,0
2eda22127e22ddfa83a3cef6bb396a2a5ffabf67,1412051824,1,1,1,0,17,0,0,2,7.48,84,17,35,33.81,9,FALSE,0,0,0,0,0
38d429f6dc22ffe82b430619942acd8f6004abf7,1411942299,1,1,1,0,21,1,0,2,10.13,116,7,34,32.92,23,TRUE,0,0,0,0,0
1b803fb2334f14044a4c57640883103729ae615b,1411405944,2,5,14,0.81397,18,19,0,2,17.61,45.29,1.57,33,32.47,6,TRUE,0,10,12,14,4
edb0c3ce24a6f88400b73fea385cd82993dafab0,1411404524,1,1,1,0,1,1,0,1,0.77,81,6,32,31.47,7,TRUE,0,0,0,0,0
f406b092fc971ef35ffdbceee84cc827f3d389f5,1411404461,2,3,5,0.338894,34,5,1,2,7.98,90.4,3.8,31,30.47,4.5,TRUE,0,0,0,1,1
77bed7c8ab9aaf80d98bf2b87e107ab30f7acd77,1411340227,1,1,1,0,10,6,1,2,3.66,47,5,30,29.54,5,TRUE,0,0,0,0,0
94b2352438c01cf98865c35f3b9d56a23aaf53d0,1411337888,1,1,1,0,8,1,0,1,0.27,74,5,29,28.54,4,TRUE,0,0,0,1,0
c0201fd419720888d244757a5c7793517a280dd1,1411336803,0,0,0,0,0,0,0,0,0,0,0,28,27.54,0,FALSE,0,0,0,0,0
9d5a8781e3bb8828385485f2a4450277f274e7d9,1411314506,1,1,1,0,8,5,0,2,3.36,71,4,1,0.99,1,FALSE,0,0,0,0,0
72a91ef2b0cb90428b3e24ac025e47a48b71ea99,1411067400,1,1,0,0,0,0,0,0,0,0,0,27,26.77,22,FALSE,0,0,0,0,0
2a06e3b307ae860044936fd159fb55c770c1326a,1411067392,1,1,0,0,0,0,0,0,0,0,0,26,25.77,21,FALSE,0,0,0,0,0
89bd626b87bb74e21fbd2da86813ccaff42aca5e,1411066926,0,0,0,0,0,0,0,0,0,0,0,25,24.77,0,FALSE,0,0,0,0,0
87b5317114b98367405b4f14a7f882518ac55449,1411066897,1,1,0,0,0,0,0,0,0,0,0,24,23.77,20,FALSE,0,0,0,0,0
13fb3e80b0fb14c4e678ac6ee7dd3a6130d22aef,1411066885,1,1,1,0,3,3,0,2,5.84,116,6,23,22.77,19,FALSE,0,0,0,0,0
c03e51ce8305cb9abe9fd7bc97aa4d71353f2f29,1411064015,0,0,0,0,0,0,0,0,0,0,0,22,21.77,0,FALSE,0,0,0,0,0
095a204c5bd887622e196ab646136442495d4e4d,1411024028,4,5,6,0.437764,121,8,0,2,4.49,306.67,3.33,0,0,0,TRUE,0,0,0,4,4
d8f687dc52d6ee5242798ceac34e05f86853250d,1410913962,2,2,4,0.742098,6,6,0,2,0.27,710.75,5.75,21,20.88,13,FALSE,0,64,56,148,88
e1aa04cceeeb72e52b41c891d1fd0325db96a0f7,1410913411,2,3,3,0.194585,38,1,1,2,6.33,34,1.67,20,19.88,2.5,FALSE,0,0,0,0,1
3950ceea2107ae798036f5378d1deaa26bcedd91,1410892067,1,1,0,0,0,0,0,0,0,0,0,19,18.89,17,FALSE,0,0,0,0,0
0f2461a6bb90efdbc54c8c2a234062a24b8222ca,1410891705,2,2,2,1,2,2,0,2,0.02,3,10,18,17.89,11.5,FALSE,0,0,0,0,0
5947b5acf5ed4b7082e9866f3692e10cd2357448,1410891383,1,1,0,0,0,0,0,0,0,0,0,17,16.89,15,FALSE,0,0,0,0,0
ca08dcdf509103e73dc440141b8ad77d3b35246e,1410891248,1,1,0,0,0,0,0,0,0,0,0,16,15.89,14,FALSE,0,0,0,0,0
db3f59984b88b0b3dac890f2a7a9f73d07af8f47,1410890984,1,1,0,0,0,0,0,0,0,0,0,15,14.89,13,FALSE,0,0,0,0,0
679ec09b39482e58c583bc9230339441f18229c5,1410890626,1,1,0,0,0,0,0,0,0,0,0,14,13.89,12,FALSE,0,0,0,0,0
59eb2b6204fa3730fc91258b5180eb0f8397fd8d,1410889976,3,3,6,0.343143,46,5,1,2,0,498.5,3.67,13,12.89,3,TRUE,0,64,56,148,88
1fa35ced3c086622807de0c808a797cfbff092cd,1410889889,4,5,14,0.358999,244,199,1,2,3.85,237.71,1.64,12,11.89,4.25,TRUE,0,64,60,148,117
f2fd9f7dd3a644ddbd25b4bfe59c86313b24a443,1410751852,2,2,2,1,2,2,0,2,2.19,3,8.5,11,10.94,7,FALSE,0,0,0,0,0
e01352a653bb98c9eb821fae73884fb2db6dccd5,1410751566,1,1,0,0,0,0,0,0,0,0,0,10,9.94,9,FALSE,0,0,0,0,0
42ed3e14a2aab81cb30802b620c4756e90bd05bc,1410750653,0,0,0,0,0,0,0,0,0,0,0,9,8.94,0,FALSE,0,0,0,0,0
d0bdde4ce3660c00e2444ff5f96be190275b3a44,1410729672,1,1,1,0,0,1284,0,1,0,1284,1,1,1,1,FALSE,0,16,14,65,33
c26505322535a6ceec3cea469df78c2bc3cf6f43,1410729640,1,1,1,0,1284,0,0,0,0,0,0,0,0,0,FALSE,0,16,14,65,33
629c576f23e2983382ff7251a5c18b44249b0d2b,1410562727,2,2,2,1,2,2,0,2,0,3,8,8,8,5.5,FALSE,0,0,0,0,0
3546990e02c76433c7da4347d428413620177789,1410562676,1,1,0,0,0,0,0,0,0,0,0,7,7,7,FALSE,0,0,0,0,0
399f87ea05052bf5270f5677b0952571f84dbf15,1410562596,2,2,5,0.089325,110,13469,1,2,3.13,3264.8,3.8,6,6,4,TRUE,0,84,108,1342,494
ec931f6abb7aa284884569e89e4f7448821e4ab0,1410554449,1,1,0,0,0,0,0,0,0,0,0,5,5,5,FALSE,0,0,0,0,0
e796b904b79cab525742b1d892c673a45d1b1da6,1410553656,1,1,0,0,0,0,0,0,0,0,0,4,4,4,FALSE,0,0,0,0,0
3b7132ee1b9dffa4927735e49598dcd92836fcb2,1410552314,2,2,2,1,2,2,0,2,0.06,10,7,3,3,2,FALSE,0,0,0,0,0
962dda093dd524a2408786dbac9b325ff1c117ba,1410551157,1,1,0,0,0,0,0,0,0,0,0,2,2,2,FALSE,0,0,0,0,0
10934965cc36dda102b759c5af70cbc490a4aa12,1410551086,1,1,0,0,0,0,0,0,0,0,0,1,1,1,FALSE,0,0,0,0,0
f4a334e17c3031970a5cb614551d057948f7d09f,1410547097,4,5,10,0.106218,15332,1793,0,1,6.31,317.5,1.7,0,0,0,TRUE,0,140,164,1541,546
743f8683da4059509911423e356fca087e757350,1410194941,1,1,0,0,0,0,0,0,0,0,0,41,39.79,27,FALSE,0,0,0,0,0
2e0e3403269feb4e4e370b06cd3d895a4e7a2b75,1410194864,1,1,0,0,0,0,0,0,0,0,0,40,38.79,26,FALSE,0,0,0,0,0
c279d3c680946de526d4238ba1b3cda608e3c42b,1410194824,1,1,0,0,0,0,0,0,0,0,0,39,37.79,25,FALSE,0,0,0,0,0
50955aba5024fc90723c3d3cc36b1a4ee353fc05,1409954342,1,1,0,0,0,0,0,0,0,0,0,38,37.07,24,FALSE,0,0,0,0,0
c43f2b9710549626eba63916b3c3e7d2c100e402,1409953738,3,4,8,0.287185,178,60,0,1,5.31,379.25,2,37,36.07,11.3333,TRUE,0,64,56,148,82
38ad8fef20ee5807698ffb3e0cefabfc3e122f6a,1409683271,1,1,0,0,0,0,0,0,0,0,0,36,35.38,23,FALSE,0,0,0,0,0
00724fdd0bb5bfa66f466cbf459e590a5d7c0c9d,1409353645,2,2,2,1,2,2,0,1,0.04,3,5.5,35,34.75,17.5,FALSE,0,0,0,0,0
839fcca5e228fc2e99dc4e6d298876a5e61023c3,1409353218,1,1,0,0,0,0,0,0,0,0,0,34,33.75,21,FALSE,0,0,0,0,0
5a00ff00e8f70f8bdd9c2b7dc6da4b2e0eeebfca,1409353183,1,1,0,0,0,0,0,0,0,0,0,33,32.75,20,FALSE,0,0,0,0,0
0b0ef29be08261cf84fc957125768f3507942f9e,1409353037,1,1,0,0,0,0,0,0,0,0,0,32,31.75,19,FALSE,0,0,0,0,0
a3e5e7d2c1dcd4bfe44d5ba0c961068742a0ff00,1409352002,1,1,0,0,0,0,0,0,0,0,0,31,30.75,18,FALSE,0,0,0,0,0
96087903807d8a7d45e10f20b6d717c7bcf418e6,1409351769,1,1,0,0,0,0,0,0,0,0,0,30,29.75,17,FALSE,0,0,0,0,0
d441f8392f9ec2c85220c448bdae6b62ec295e8a,1409350180,4,4,7,0.52333,34,25,0,1,0.73,444.29,2.14,29,28.75,6.5,FALSE,0,64,56,148,80
1c35eaadc033b759d52e327f980b201f8cc1eead,1409344937,1,1,0,0,0,0,0,0,0,0,0,28,27.75,16,FALSE,0,0,0,0,0
5e6e269b54c3b0f1579db9606f3a50f0efb899a1,1409297028,1,1,0,0,0,0,0,0,0,0,0,27,26.8,15,FALSE,0,0,0,0,0
774b8c8e859105153a3f527da7ae387552bbe2e9,1409297019,2,2,5,0.281638,73,73,0,1,0,572.8,2.4,26,25.8,11,TRUE,0,64,58,148,80
7aef479c7e50298217a5cd06ebe3747c85c084fb,1409296660,3,4,10,0.282802,530,95,0,1,0.53,287.5,1.2,25,24.8,8.66667,TRUE,0,66,64,173,87
3ae6670f77f0edc50858d3ec3686c4f286d98a4e,1409295949,1,1,1,0,1,1,1,1,0.52,41,2,24,23.8,9,FALSE,0,0,0,0,0
25797283846be20daa45c07c4b1cf4b5d70d114c,1409263055,1,1,2,0.460759,227,0,0,0,0,0,0,23,22.82,0,FALSE,0,0,0,4,0
9efd6047e4a2ce6871ab69b0067339a7753684ff,1409263045,1,1,1,0,82,0,0,0,0,0,0,22,21.82,0,FALSE,0,0,0,0,0
f5f461d8a21a8afb35eb6bad835f9508983d8ea7,1409263007,1,1,0,0,0,0,0,0,0,0,0,21,20.82,14,FALSE,0,0,0,0,0
2fb81d805f252b509dba76bb0f28c26c020c43ec,1409262992,2,2,3,0.124981,20,1,0,1,0.11,32.67,3,20,19.82,11,FALSE,0,0,0,0,0
6bd8c3a49357c4241c1b109cc9b2b1f51d06ff2f,1409253211,2,2,5,0.103669,17,2453,1,1,0.03,996.2,2,19,18.83,10,FALSE,0,56,32,174,76
960a583d568f75913c18a15219a75cab5f0b6b13,1409251033,1,1,0,0,0,0,0,0,0,0,0,18,17.83,11,FALSE,0,0,0,0,0
cec3482ff7c5d7877e1343e4aa7e18e3a76a1456,1409250833,4,5,17,0.296085,963,639,0,1,0.95,305.82,0.59,17,16.83,7.5,TRUE,0,13,0,91,37
ceca9ced4734b8412e8b65d806231f4290945d9b,1409247975,1,1,0,0,0,0,0,0,0,0,0,16,15.83,9,FALSE,0,0,0,0,0
fe32d44336aabef2f5a6ccd3ded37a6638cdd777,1409247862,1,1,0,0,0,0,0,0,0,0,0,15,14.83,8,FALSE,0,0,0,0,0
d49cb34591f37d1e1a8fcf3421599c628d9746c6,1409169927,3,3,7,0.505969,113,42,0,1,0.49,673.71,0.86,14,13.87,5.66667,TRUE,0,0,0,45,30
0c7236b292a77e330710994417c4214475fb6880,1409169569,1,1,1,0,3,2,1,1,0.45,143,6,13,12.87,6,FALSE,0,0,0,0,0
f21293d3ddb2093b362c950eb2a91271da0e949c,1409157209,1,1,0,0,0,0,0,0,0,0,0,12,11.87,7,FALSE,0,0,0,0,0
c0a91847396519368c0f35976c13ea1a5e0dc123,1409130749,3,3,7,0.329017,367,133,0,1,0.03,656,0.71,11,10.88,4.33333,TRUE,0,5,0,0,0
514e281a1bedd48b64d3343312e8ebeb41fd5d5d,1409126919,3,4,8,0.441959,669,194,0,1,0.03,543,0.62,10,9.88,3.33333,TRUE,0,5,0,55,20
9096d34186d5a5148f06c07854b21d6cc8035e96,1409123179,3,3,12,0.455837,1233,565,0,1,2.18,316.08,0.25,9,8.88,2.33333,TRUE,0,17,0,69,36
0d0b8370205f62c65ee2e51262dab6bc48569548,1409123029,3,3,3,0.310917,7,3,0,1,8.32,84.33,1,8,7.88,2.33333,TRUE,0,0,0,0,24
85e9330c8cffb17fb78db7ff5363e67f30eaa847,1409075790,1,1,0,0,0,0,0,0,0,0,0,7,6.9,5,FALSE,0,0,0,0,0
cd221704cf4b0aa7a3dd01006b350d4d2a239e6b,1409072407,2,2,2,0.956859,57,9,0,1,0.06,519,1,6,5.9,2,FALSE,0,0,0,2,2
28073866a5c10e039c233d9ae22fe8bb95442bb7,1409067333,2,2,2,0.828997,11,5,1,1,7.67,516,0.5,5,4.9,1,FALSE,0,0,0,0,0
9c2528d9cca7c7be0b0e5c6cc58f2ad13a1d5689,1408404453,4,4,7,0.190647,3842,0,0,0,0,0,0,4,4,1,TRUE,0,40,32,145,60
2c3a3bc0b7266f55306de684032b94eaa0ece8c8,1408404356,1,1,1,0,68,0,0,0,0,0,0,3,3,3,FALSE,0,0,0,0,0
d29c1ac66e0e80c38f95c45464cdb1b24ff62f41,1408404324,1,1,0,0,0,0,0,0,0,0,0,2,2,2,FALSE,0,0,0,0,0
729404dff5454d74785e0c632bb6b4a855fa59ff,1408404307,1,1,1,0,83,0,0,0,0,0,0,1,1,1,TRUE,0,0,0,0,0
91871496a21a0286599c540b82dc0010cd814394,1408401607,1,1,0,0,0,0,0,0,0,0,0,0,0,0,FALSE,0,0,0,0,0